key,skill[0],count[0],skill[1],count[1],skill[2],count[2],skill[3],count[3],skill[4],count[4],skill[5],count[5],skill[6],count[6],skill[7],count[7],skill[8],count[8],skill[9],count[9],skill[10],count[10],skill[11],count[11],skill[12],count[12],skill[13],count[13],skill[14],count[14],skill[15],count[15],skill[16],count[16],skill[17],count[17],skill[18],count[18],skill[19],count[19],skill[20],count[20],skill[21],count[21],skill[22],count[22],skill[23],count[23],skill[24],count[24],skill[25],count[25],skill[26],count[26],skill[27],count[27],skill[28],count[28],skill[29],count[29],skill[30],count[30],skill[31],count[31]
FDnntAQZkwNfiQubk5xyiiZWpsR2,mobile apps,1,object-oriented programming,1,android,1,user experience,1,user interface,1
Ks91A2cpfrPwzdJBHBopo2C6UKg1,team management,1,prototyping,1,time management,1,product development,1,hackathon,1,software engineering,1,space,1
MEeu8pfAmGQhg5Z472VplBhAz2g1,team management,1,prototyping,1,time management,1,product development,1,hackathon,1,software engineering,1,space,1
NTQmjLVXX3VshPXoU4IIMBdXAdT2,CSS,1,HTML,1,HTTP,1,JQuery,1,Git,1,Linux,1,Object-Oriented,1,Authentication,1,Unix Shell,1,JavaScript,1,mySQL,1,AJAX,1,Flask,1
NmyqWW5fuRh3xXURiHS2AZlbV7Z2
O1zex8nZPNSjJ0FqeOkCdM5LM6u2,team management,1,prototyping,1,time management,1,product development,1,hackathon,1,software engineering,1,space,1
ONLAS7ZjhoQoZ9NF8ptzGMcj7rq1,team management,1,prototyping,1,time management,1,product development,1,hackathon,1,software engineering,1,space,1
P2UcFhXrXaQw5UPEXUTnV6HbKBl1,development,1,blockchain,1,programming,1
znSMYT8Rtmg6Dje4LgXyiIJNZ453,team management,1,prototyping,1,time management,1,product development,1,hackathon,1,software engineering,1,space,1
P7FEib5MgCak0AgWjFxplaGRf0p2,resource management,1,risk management,1,project scheduling,1,time management,1,communication management,1,cost management,1,project execution,1,project scoping,1,project closing,1
B8LLmEklRrMwleNX7G0pahBbcR03,mongo,1,css,3,restful,1,bootstrap,1,nodejs,1,jquery,1,presentation,1,oop,1,routing,1,database,2,backend,2,html,2,angular ,1,cplusplus,1,mongodb,1,mobile design,1,authentication,1,rest,1,c,1,active listening,1,ux,1,object oriented,2,prototype,1,javascript,1,nosql,1,persuasion,1,node.js,2,responsive design,1,effective communication,1,es.next,1,express.js,1,frontend,2
CPEHNxllU1YYoF34wjiEw2Rr3bP2
CeRkvWtwhTNyLCZKweoJ6orgEZy2,mobile apps,1,object-oriented programming,1,android,1,user experience,1,user interface,1
ChLvqXycsNZyTp7xFZc3ebmLHzl1
CqZlQcbBclgjlW30N4FshG4Seix2,mobile apps,1,object-oriented programming,1,android,1,user experience,1,user interface,1
DZHj8DsPeeSY45Cr2BDFX41vZqj2,CSS,1,HTTP,1,HTML,1,JQuery,1,Git,1,Object-Oriented,1,Linux,1,Authentication,1,Unix Shell,1,JavaScript,1,mySQL,1,AJAX,1,Flask,1
0YbfcuAGKkUVZ3nejXPat6yHbxs2,product design,1,software development,1,prototyping,1,hackathon,1,product innovation,1
jrTjmtqNq1Th9OBSPQCFrIGpELy2,assessment,1,conventional,1,enterprising,1
y62vlsBBMNYy9dogHqIfsIjTRbE3
yTp6XPQ9n0ZkObOjGNfpT08NGcr2
cnWASVx0ydNbrmM1vZGa3CfhJvh1
d8NkZWL1waNunD54W0khYkErLPm2,R,1,Probability Distributions,1,Dimension Reduction,1,Statistical Inference,1,K-Means,1,Regression,1,Hierarchical Clustering,1,Machine Learning,1
dlW7SjsUqsOwzMQc2I9NeChFnVk2,team management,1,prototyping,1,time management,1,product development,1,hackathon,1,software engineering,1,space,1
ds8oBBPiJfSyfregpQduHWWHFQz2,product design,1,software development,1,prototyping,1,hackathon,1,product innovation,1
dtboUFUjOKc4kytTcHE7fuY2xcl1,active listening,1,persuasion ,1,active listening ,1,time management,2,analysis and positioning  ,1,body language,1,planning,1,sales essentials,1,effective questioning ,1,communication skills ,1,negotiation,1,goal setting,1,stress management,1,effective communication,1
eSDaW4JF9vhVGmqtNr3f00idrVy1
RSG2Eijrq2gZUeTW7RY25xsIbUC2,hardware security,1,digital signature,1,session hijacking,1,cryptography,1,software security,1,sql injection,1,authentication,1
SpoyO9AQzaewfcc1t9PgnpOu1L33
TUYUrPcOKTVZXqH31VBjo1FGFU03,Supervised Learning,1,Naive Bayes,1,Linear Regression,1,Unsupervised Learning,1,SVM,1,Machine Learning,1,Deep Learning,1
UVHM6wdqW0SYP8CDrTareijWG902,CSS,1,HTTP,1,HTML,1,JQuery,1,Git,1,Linux,1,Object-Oriented,1,Authentication,1,Unix Shell,1,JavaScript,1,mySQL,1,AJAX,1,Flask,1
gfzwEWVzVfZYLpkfwHNHFwC2sc22
ggN7iy3P3MRLjZekVQ5XJskWlho2
Iu7zz0if4RRkEJRB8n8lEmCcBXM2,active listening,1,persuasion ,1,sales essentials,1,active listening ,1,time management,1,effective questioning ,1,communication skills ,1,negotiation,1,analysis and positioning  ,1,body language,1,effective communication,1
ZZqMKU4uS2ftC3bLBD3rYMojYsn1
a4KFFqkoZqNEHYJI5WqJUIhcEFE2
aDl6lUYcpTO78ir3XaT5hnLMdEu2
aZPbm8T1FsbJsckhbVwikSozqM73,team management,1,prototyping,1,time management,1,product development,1,hackathon,1,software engineering,1,space,1
nGj1srWoCUbQkTMo8Hh9PcZxaDM2
oReA4TTDfbayMZ53pEGsCHJWugt1,R,1,Probability Distributions,1,Dimension Reduction,1,K-Means,1,Statistical Inference,1,Regression,1,Hierarchical Clustering,1,Machine Learning,1
pEJFlJjuk8WypMW76ulILwx1bz83
pULLrFPPBySeRZ8qLWvJzBHnJHJ2,mobile apps,1,object-oriented programming,1,android,1,user experience,1,user interface,1
JbJErPemC5euR8udyBLDg3B60Vm1
EGOLnEhOnSaGcJxd4380zrDcwuH3,team management,1,prototyping,1,time management,1,product development,1,hackathon,1,software engineering,1,space,1
EbR48wK9DqSj9MKRWVXO3T0VYFe2
9eDC3aXcGZgE4QBK6MJEYO2aoPI2
AAeeEcmQSEbicY2kVaQlMraDq833,web development,1,software engineering,1,digital badging,1
VvVAjNO4gMZKT1YHNE8J6vwRwpx1,mobile apps,1,object-oriented programming,1,android,1,user experience,1,user interface,1
XF4QRa1dDRfaALgKBGwtPXd88JF2,team management,1,prototyping,1,time management,1,product development,1,hackathon,1,software engineering,1,space,1
XNpEN1BKTmfYWiqA8AvpZrFzXTI3,hardware security,1,digital signature,1,session hijacking,1,cryptography,1,software security,1,sql injection,1,authentication,1
4S3QdiAkguRCkGk3JkublSmEtSk2
6vRgb8KQn1f8ewephjUgts7nIFJ3
tjWcFoh8ibNb9Vyo3ribOYIeXyq1,mobile apps,1,object-oriented programming,1,android,1,user experience,1,user interface,1
u7N75UiT73T86uOoAO759m0evV82,Supervised Learning,1,Naive Bayes,1,Linear Regression,1,Unsupervised Learning,1,SVM,1,Machine Learning,1,Deep Learning,1
vNIR39QY3PdqaCgEvnomddYivbL2,development,1,blockchain,1,programming,1
vxYY6a9fVDaaVh16FhCHJuWUnMa2,R,1,Probability Distributions,1,Dimension Reduction,1,K-Means,1,Statistical Inference,1,Regression,1,Hierarchical Clustering,1,Machine Learning,1
qEE01Uc3S0MRH3Nb2a9xZwvoqn03,mobile apps,1,object-oriented programming,1,android,1,user experience,1,user interface,1
qjHAw0m9vyQzrKvqE6npD1FroQO2
qluW4XLLA3dIbFljgAToMnxycUb2,business model canvas,1,business planning,1
rmMlYL103DclG0tFByD4NPbUaz52,product design,1,software development,1,prototyping,1,hackathon,1,product innovation,1
sWOPfpelYhSJw9aaPqgOIUPqXmd2,CSS,1,HTML,1,HTTP,1,JQuery,1,Git,1,Linux,1,Object-Oriented,1,Authentication,1,Unix Shell,1,JavaScript,1,mySQL,1,AJAX,1,Flask,1
y1qhVdj81UOYKuBSNFihzFwnNQ52,mobile apps,1,object-oriented programming,1,android,1,user experience,1,user interface,1
EeodQp3xUccVmwJJmikntSKthsB3,product design,1,software development,1,team management,1,prototyping,2,time management,1,product development,1,hackathon,2,product innovation,1,software engineering,1,space,1
FYysMHWZw7MLbeR5eQHysMHCozH2
FZKV6bNVJXgPEF7C5zLYAtHz3Zt2,product design,1,software development,1,prototyping,1,hackathon,1,product innovation,1
GelgJWvZ76hKSjSQjhqVStwXjky1
GtPGApUx8Aa9QV79XIkItFHckWX2
NyFq5NL1vjZfdioaabsDgaFbwt12,mobile apps,1,object-oriented programming,1,android,1,user experience,1,user interface,1
PLaKQTL7ZCTJd9xHmtYKURVkqYB3,team management,1,prototyping,1,time management,1,product development,1,hackathon,1,software engineering,1,space,1
PMPX8y74QvMzpqTQFZ2K5YghH7p1
PQqkxXlQWRaj2RJW63PbAXorleg2
8c0nBXN0BHQTxGccZyq0QGoDOFD2,CSS,1,HTML,1,HTTP,1,JQuery,1,Git,1,Linux,1,Object-Oriented,1,Authentication,1,Unix Shell,1,JavaScript,1,mySQL,1,AJAX,1,Flask,1
8hreVqeH5FRgVyhmCUuIKCk5ar82,Probability Distributions,1,R,1,Dimension Reduction,1,Statistical Inference,1,K-Means,1,Regression,1,Hierarchical Clustering,1,Machine Learning,1
8rJCMj9p9eZ1P7XUGIRqTHs6les1,CSS,1,HTML,1,HTTP,1,JQuery,1,Git,1,Object-Oriented,1,Linux,1,Unix Shell,1,Authentication,1,JavaScript,1,mySQL,1,AJAX,1,Flask,1
zs3Ozja9z1PbY7qiWWE2UDBVYNq2,CSS,1,HTML,1,HTTP,1,JQuery,1,Git,1,Object-Oriented,1,Linux,1,Unix Shell,1,Authentication,1,JavaScript,1,mySQL,1,AJAX,1,Flask,1
EFIlBjQCuhPSs8KAeDkU1c8sANr1,team management,1,prototyping,1,time management,1,product development,1,hackathon,1,software engineering,1,space,1
VVJQmNGFxCU92BIWHbnpjYWSiby2,communication,1
vdgHrYRVX4h7R21SU8yn69RZQLJ2
6rhG4he3RpN1nXczFCDiSw6hDMG2,product design,1,software development,1,prototyping,1,hackathon,1,product innovation,1
YAgMO2h1wCNZVEiC2OOw2DQK0E93,business model canvas,1,business planning,1
YWvQ8VRDptSdvBH8hfaaQWSd8u52,mobile apps,1,object-oriented programming,1,android,1,user experience,1,user interface,1
Yvb8spsr2QaQze5eaBA06e5UJzG3,career orientation,1,assessment,1,social,1,artistic,1
aDc000q2DkTttTVJXpAor81s20V2,CSS,1,HTML,1,HTTP,1,JQuery,1,Git,1,Linux,1,Object-Oriented,1,Authentication,1,Unix Shell,1,JavaScript,1,mySQL,1,AJAX,1,Flask,1
aGRL8C5Es3YM5kl7vktX8GGyfeD2,assessment,1,enterprising,1,investigative,1
aXwcMDN1ZyVhQcmtPedDKDwqKil2
atgWVFi3YJhfY9kcRYKQwZBYoqi1,psychometric,1,assessment,1,social,1,enterprising,1
bXg3fYmkNAScP1gQRndxgmvTphb2,R,1,Probability Distributions,1,Dimension Reduction,1,K-Means,1,Statistical Inference,1,Regression,1,Hierarchical Clustering,1,Machine Learning,1
q4dOvtsVpfRkptuiYk8HFYAVeDs2
qPTvvlCt6bedAHdbMhBQ3x4n9bm2
t6qm6MdxJJTjnpXdldEBkM2IFX03
wLwPRH6kYjUSdeIqxIvD9ENApHj2
zXA7eOi2cAaLGd2KC4pyajULynA2
eMlhF9G0ceW900ZPzlAbVM42iFu2,talent management,1,personality theories,1,occupational psychology,1,organizational development,1
eZr223tEVnTrtaYavB9TR6ZXLVo2
eawivCySbfWGfMlQrxjamJUlGP02
h4tA40tsO7OxKj8RQN5VP3ooKOc2,hardware security,1,digital signature,1,session hijacking,1,cryptography,1,software security,1,sql injection,1,authentication,1
I0FW53FKmpabpfhdtoh5oFOGIZ43
A2Br82GHPSQ4AFvXxzjXATtfvt13
K4euebMeVaWLlYdOA8CoeaZuFZE2,mobile apps,1,object-oriented programming,1,android,1,user experience,1,user interface,1
L7CaamL1pcOB5IDA26UsGU42sHc2,c,1,object oriented,1,cplusplus,1
LDshM2KXjIgvF1cqAZx4wa2EoA23,mobile apps,1,object-oriented programming,1,android,1,user experience,1,user interface,1
LfRCw13OxkO9SWvubJ3d0lwYVuK2,CSS,1,HTML,1,HTTP,1,JQuery,1,Git,1,Object-Oriented,1,Linux,1,Unix Shell,1,Authentication,1,JavaScript,1,mySQL,1,AJAX,1,Flask,1
1cirOU4hnkVl52BU8uDJxIaEfix2
1uhpPpobv6aKg54K73fPt6IGbZX2
2CkI4KgWQdP5K9ZEWbJ4KNjecVu1,team management,1,prototyping,1,time management,1,product development,1,hackathon,1,software engineering,1,space,1
2Ktf9AolbjP0pnLgbI3lmYcPCHZ2,active listening,1,persuasion ,1,negotiation,1,effective communication,1
2Mqu4B3U3VQDr4LzewcQHWeqaNZ2,mobile apps,1,object-oriented programming,1,android,1,user experience,1,user interface,1
kFJGCnNSrrM5i30Lfx0WQBRkcSM2,product design,1,software development,1,prototyping,1,hackathon,1,product innovation,1
lpKlffzrQ6YeV9YOOfbHd69Al0I2,CSS,1,HTML,1,HTTP,1,JQuery,1,Git,1,Object-Oriented,1,Linux,1,Authentication,1,Unix Shell,1,JavaScript,1,mySQL,1,AJAX,1,Flask,1
tw7Pwc44bIT9iQnZdTTiFA5gaxl2,business model canvas,1,business planning,1
tzV6dghTAEMTU3l0Vw8ZCCyaWBL2
uJLzm7SGDYRIGFVi3jMvmS5Z71l2,assessment,1,investigative,1,enterprising,1
ubPHFPmrw7UlawZumMZPRcw4Vi63,CSS,1,HTML,1,HTTP,1,JQuery,1,Git,1,Linux,1,Object-Oriented,1,Authentication,1,Unix Shell,1,JavaScript,1,mySQL,1,AJAX,1,Flask,1
vHhA7KoCpPgMagPwtnqqSEPbl3y2
vukherqTY9c3sTDQDTSohzRCDZg1,team management,1,prototyping,1,time management,1,product development,1,hackathon,1,software engineering,1,space,1
i4wH2tODK6fUzaFy67KR28epiXN2
QEOAwQ7xM9UC5BaYcux9lkz2zjr2,CSS,1,HTTP,1,HTML,1,JQuery,1,Git,1,Object-Oriented,1,Linux,1,Authentication,1,Unix Shell,1,JavaScript,1,mySQL,1,AJAX,1,Flask,1
Qo4tYQCNVRXL05ZARtTxTEg5sGk1,training plan,1,training and development,1,talent management ,1,tna,1,learning,1
TGn3m1babBbrZa5IpXiBVBPVNpb2,hardware security,1,digital signature,1,session hijacking,1,cryptography,1,software security,1,sql injection,1,authentication,1
TvjIqcdTZ5fpbs6DBIvo2JdHlvi2,product design,1,software development,1,prototyping,1,hackathon,1,product innovation,1
pX6QU8o1CXZFZ7M8Y8Qxy1svWqx1
BRqMy7zn0nUvmz9lMrGPnBJHJ9v1,software engineering,1,web development,1,digital badging,1
EIL8l1SRdMYBe9XzegFE1FDOFQN2,product design,1,software development,1,prototyping,1,hackathon,1,product innovation,1
FJ04OAqcUsSxbJPWIi7SsXpL1Xa2
FNR2I9WuxadTgjYULeCpvknBP9a2
H8KSe6WePbgX3HbuG6zd9HQQd8q2,mobile apps,1,object-oriented programming,1,android,1,user experience,1,user interface,1
KybcwKMOKPUgRDw0l7nxqJzTtO62
LxUZmgdguJVypsVB0iLv7YW0GC62
7el29bGGNROCAuKelfkwLfkxpXy2,CSS,1,HTML,1,HTTP,1,JQuery,1,Git,1,Object-Oriented,1,Linux,1,Authentication,1,Unix Shell,1,JavaScript,1,mySQL,1,AJAX,1,Flask,1
8Ugs7kY9eRSPpylpVgBzOJNFqnc2
8iChaSkOmRMJx7Fl0OSvWghYfJA3
8rll9O6hpQTkU0Vj7o4MJrAXuen2
9fGpJWdkWTYINnNO1UVASv68oBr1,mobile apps,1,object-oriented programming,1,android,1,user experience,1,user interface,1
zlZDghYOlaU30QhsabLv896quiI3,team management,1,prototyping,1,time management,1,product development,1,hackathon,1,software engineering,1,space,1
NgfubVaPgiW5Q9Ju41iGRwPQTxd2,assessment,1,conventional,1,enterprising,1
PGEKoaZQdMcSdaEBkBs7NwnwX7C3,team management,1,prototyping,1,time management,1,product development,1,hackathon,1,software engineering,1,space,1
0ZKHQpEpPMc4icIPGrYMefZd9LR2,team management,1,prototyping,1,time management,1,product development,1,hackathon,1,software engineering,1,space,1
0k7vyXbywCYdaIpTlXqE49AKTW33
0s0ozPlf0TNa5fXXMENUDtDDYEy2
10egrFM1C6S7MI7gHDxaul66aPw2
1bAkCrBhMjPzgHwO50uWSZ2sdmo1
2XvaURlqFHYiZ1gODnxzHK5SaZF3
35yUrOVDwgdczkR7c4qdw36WMEr1
jh69XX1x3iSlZoF22yc9TkG6bTw2,team management,1,prototyping,1,time management,1,product development,1,hackathon,1,software engineering,1,space,1
m9zPXlNw20V611ouGzN3kNUgxHp2,mobile apps,1,object-oriented programming,1,android,1,user experience,1,user interface,1
mb2VCFoLGAgoOB8tOXJNzR18UM73
UoAJNr58GCMRPGxEhgIN8k1WWFf1
W2U4aeB0x2NERRFEffvS21KK25K2,CSS,1,HTML,1,HTTP,1,JQuery,1,Git,1,Linux,1,Object-Oriented,1,Authentication,1,Unix Shell,1,JavaScript,1,mySQL,1,AJAX,1,Flask,1
WULKXDtgz7PUznZ9pXnF9Yyz1DD3
WzL6uJ6uZibjHW6BHPLCBTEg7FA2,mobile apps,1,object-oriented programming,1,android,1,user experience,1,user interface,1
Xi3dnL7pI9aPhDPeCAukotslBXv1,CSS,1,HTTP,1,HTML,1,JQuery,1,Git,1,Object-Oriented,1,Linux,1,Authentication,1,Unix Shell,1,JavaScript,1,mySQL,1,AJAX,1,Flask,1
Y3FtPErPg1cj7LQRZ8hUjyO4X6e2,CSS,1,HTTP,1,HTML,1,JQuery,1,Git,1,Object-Oriented,1,Linux,1,Authentication,1,Unix Shell,1,JavaScript,1,mySQL,1,AJAX,1,Flask,1
YZwhNK7KnjaFnmpdayY3p4S99uk1
Yt0dhyoQOzMci1H0Lly2MRDt91s2,CSS,1,HTML,1,HTTP,1,JQuery,1,Git,1,Object-Oriented,1,Linux,1,Authentication,1,Unix Shell,1,JavaScript,1,mySQL,1,AJAX,1,Flask,1
vjtx6jHMRxeFdhz5dQ3cHZNS1S43,CSS,1,HTML,1,HTTP,1,JQuery,1,Git,1,Object-Oriented,1,Linux,1,Unix Shell,1,Authentication,1,JavaScript,1,mySQL,1,AJAX,1,Flask,1
r57uEx4gASUW34gdHYy4cYtL5Xh2,business model canvas,1,ibm watson,1,cognition,1,natural language processing,1,visual recognition,1,machine learning,1,business planning,1,artificial intelligence,1
sIlowXiQ5UVVjn5l57Xs6xBMSg43
tPBwTXI3B4WXOfu9FphBPq9qDnt1
tPvDJi5vjCOlrCmbJO3R88jsZno2
3x8vs8PZPofVjwPLHNViW2D0AsJ3
4tMZ25hEULgLg5M4JKeuXjbEgPa2
6g26A1fOfZQAi3Fmj2fxkUe7zll2
cgc5WjQ65ONeri8hts7rQY5dVvV2,development,1,blockchain,1,programming,1
emhjyP3wGyS25vqIE7wEilVeKyg1
PzCeo5qu1gQzKB4Md8rZL1mYW4s2,hardware security,1,digital signature,1,session hijacking,1,cryptography,1,software security,1,sql injection,1,authentication,1
SjfHjx8riWU5rBwuE7EvB4Wy5b42
Slu5Dsx9cYNumNoYwXLKCVpBdHl2,team management,1,prototyping,1,time management,1,product development,1,hackathon,1,software engineering,1,space,1
T4ZWyxoqg6UfGoFIqGKfbwwyn7q2
hSNxVcJdAjPTjRfu9yuaQOwZSdm1
i93egfqdnkP4QvxmIaEWrZQW3372,team management,1,prototyping,1,time management,1,product development,1,hackathon,1,software engineering,1,space,1
iNaYHApctqfUCg4abf1oh6QiSzF2,team management,1,prototyping,1,time management,1,product development,1,hackathon,1,software engineering,1,space,1
JdQiiDpJXjYyncjkj0GRPNMmZm33,team management,1,prototyping,1,time management,1,product development,1,hackathon,1,software engineering,1,space,1
y3fcSdZwMKae0g9INp7TFKKf6cl2
zWnc1tP9THMXJB1KWMQ4XBtAP8X2,shipping,1,supply chain management,1,procurement,1,customer service,1,logistics,1,packaging,1,warehousing,1,inventory management,1
oA8qqsEJRFdB9g6E4uO1UYs8rnT2
CrD9vzJrjmY5Elr7mARTRs2yr9L2,team management,1,prototyping,1,time management,1,product development,1,hackathon,1,software engineering,1,space,1
D7VEVtzyAOTuFv4JdfXQybJ8Lry1
EKLzLJF1miVoa4POerFN0VWa3Ug2,CSS,1,HTML,1,HTTP,1,JQuery,1,Git,1,Linux,1,Object-Oriented,1,Authentication,1,Unix Shell,1,JavaScript,1,mySQL,1,AJAX,1,Flask,1
F5irhIQHMsQqtyPauMn7wKoeqTE2
KVHQBXBPfibU6f4AUJJ8L1a5Em23,mobile apps,1,object-oriented programming,1,android,1,user experience,1,user interface,1
LJonl8459DYs4X5oOOpqD364RY43
FP5MmoTiqna55QNeEymmAIzaj1C2,CS,1,soft skills,1,Treasury,1
MIONSqpfVlXdrePAt91fUamuZxo2,mobile apps,1,object-oriented programming,1,android,1,user experience,1,user interface,1
MJi89KbyH7Meaphq30BitgMQrFG3
GVBB4Xnrq2eCjABPVHAmMhJIzj72
MXR8XAHhBhO76C8pfv78nsn0X0y1,team management,1,prototyping,1,time management,1,product development,1,hackathon,1,software engineering,1,space,1
Mbc72UlBMFWGL9lR18vNNh9I1hz1,business model canvas,1,business planning,1
O149wghXSQZLFgXQHEgR71Yr1Sp2
zoROGtokpqc9eUauRkTrWY9FFxn2
CkAFHnC645exZMUzxpOPspPaToC2
0PhGv9VgFsVXLaNYjGk3VSbO1Jp2,team management,1,prototyping,1,time management,1,product development,1,hackathon,1,software engineering,1,space,1
0rguPoL0KqP9VmYcIogJRptuWyh1
0yuJW1i66Sdm4XQNyseKqV6Rra33,product design,1,software development,1,prototyping,1,hackathon,1,product innovation,1
162rIqD9ekXuMu0aiXKSLYQpUTC3
173jh9dUMfb4szxsn7a8B43auT83
7Z1cyxucfZbcWI1cOOKwRbrhRyH2,mobile apps,1,object-oriented programming,1,android,1,user experience,1,user interface,1
7zAiUsrWkxSrTtwWoguFS6yN6I03
2VlQ8SOVkHWHoAufnUVrBoj3oJE3
2rl8sc3ZQmULPDcFyL41d5GixVL2,product design,1,software development,1,prototyping,1,hackathon,1,product innovation,1
yc1vP0iEvTdq3Co2BMDLBpJ2m542
ymM3eCyduTQPGnnXsC10khJuM7k2
cukUOPZQ3ZfMD2feYhj5UhHAfaz2,assessment,1,conventional,1,social,1
dE36fSYbaXOAE0Crrl3z4OVZmDe2
QDg1VYQkHnbT7qZg6ROwtM9a0yQ2,Supervised Learning,1,Naive Bayes,1,Linear Regression,1,SVM,1,Unsupervised Learning,1,Machine Learning,1,Deep Learning,1
THuvgIkEEPaCz3LzbHelk3xcvRw1,product design,1,software development,1,prototyping,1,hackathon,1,product innovation,1
gAY8nB1nvuR3WVZtzpxCbx8BOaN2
i3FwHrtSFQPp3evJuD4urzKpvrP2
HccTQ0q1o7YwhV0xfptt87jfC6K2,product design,1,software development,1,prototyping,1,hackathon,1,product innovation,1
IaEfdywTcsSF5yfpyIquKqi8vWG2,product design,1,software development,1,prototyping,1,hackathon,1,product innovation,1
ZiRQFcrEqeUAYCGvpHOy9UkBiyp2,mobile apps,1,object-oriented programming,1,android,1,user experience,1,user interface,1
mu95SFlbq9gLDarem5796AYJSIM2,product design,1,software development,1,prototyping,1,hackathon,1,product innovation,1
oUesm1saH3gIavgyRbNLSQqhIdN2
ogtMUpgCCldivbbCmJiU0u6zoB52,team management,1,prototyping,1,time management,1,product development,1,hackathon,1,software engineering,1,space,1
Iy5xlIc5VsXrBwPl0dJDdV3ZoR23,customer service,1,communication,1
J8s0hxOOs5hGD9vbGIoH8k3i0Yh1
J7foVquf5XUoN9av7X51pzM4X4a2
8pmjYYLL6JUl1Ee5YVRZKMMfUtd2,CSS,1,HTML,1,HTTP,1,JQuery,1,Git,1,Object-Oriented,1,Linux,1,Unix Shell,1,Authentication,1,JavaScript,1,mySQL,1,AJAX,1,Flask,1
XSunKrOfyyWeXdHvgEPDL82cTcK2,development,1,blockchain,1,programming,1
XkNZdFmU9WUmaKKPzNWAB3lhErA2,CSS,1,HTML,1,HTTP,1,JQuery,1,Git,1,Linux,1,Object-Oriented,1,Authentication,1,Unix Shell,1,JavaScript,1,mySQL,1,AJAX,1,Flask,1
3RvgQND2rQXq0bDhzAjwPWC2R0k1,team management,1,prototyping,1,time management,1,product development,1,hackathon,1,software engineering,1,space,1
66o9uRUy7OSFPdg1voXltu1u1W02
6UFjSTDrjTPwl0q0ocHDut6ZxQr2,mobile apps,1,object-oriented programming,1,android,1,user experience,1,user interface,1
6fEO6FQqp2TUlofwPgblatgvBB82
74rC1h2rA9MOeBehha94MA9wNIq2,team management,1,prototyping,1,time management,1,product development,1,hackathon,1,software engineering,1,space,1
uN3iyGDupeaP1KmlSb5y9tgDyvK2
uNG5d2CH1lP7UyF9D4ZH776lbzh1,hardware security,1,digital signature,1,session hijacking,1,cryptography,1,software security,1,sql injection,1,authentication,1
uxsvc5cJGWVDy5vNeN427lBosxI2
v1fc1zbWwUSMe22qV76lq6WnIil2
q8jQ0WybZ3cSG9oifZGCAKr8Ex73
qh8mrayTJORC8v5Vxz4IEn7pv6y1
sGnLhEdmciTjTMV164mN9o04uZx2,resource management,1,risk management,1,project scheduling,1,time management,1,communication management,1,cost management,1,project execution,1,project scoping,1,project closing,1
x4CBrZimAIZj7Y4fpEG3QTcoK672,team management,1,prototyping,1,time management,1,product development,1,hackathon,1,software engineering,1,space,1
xZ3Ws0V74fP5H9nliThkeNwo5f63
El8bQlF74gPOxtlO5ONqs9OHPpC3,CSS,1,HTTP,1,HTML,1,JQuery,1,Git,1,Object-Oriented,1,Linux,1,Authentication,1,Unix Shell,1,JavaScript,1,mySQL,1,AJAX,1,Flask,1
H0xEJziucoTgpwsGlVuQmuPtFPr1
H1nIWwfpgYcsn2ar6i4aqJgrcR93
NHcufUTnSIWlsdm1Oruc2pUQcJs2
OPqeBmtLlKXOPppzVK4w8U46XWH2,assessment,1,psychometric,1,social,1,investigative,1
7jvbkEMS0RdNnaYeltOotX3gHZs2,business model canvas,1,business planning,1
88eOIQxVMuMQdWZWXT1VjpiRz4t1,product design,1,software development,1,prototyping,1,hackathon,1,product innovation,1
8LmhHCzESrg8fj7r1uhVXujJdZI2,tqm,1,qc,1,quality control ,1,quality assurance,1,total quality management,1,statistics,1
8RtZDcnBgUegamNnZLolEyoweR22
8sIqHdrdkNfy8QCPIwv7RB95nYu2
CmwwU3cYRZbMIAJQIhGiS8AZXPn2
Cqj4aSMVZOZ0GmLbpHxla8xqMaL2,mobile apps,1,object-oriented programming,1,android,1,user experience,1,user interface,1
VrRcrCPPW9VdE0d9qRq312H98m93,team management,1,prototyping,1,time management,1,product development,1,hackathon,1,software engineering,1,space,1
WMxVuR2nxSckf1SO5gSXEMflk6W2
WrspFA8Zmjc2X2qdIAJ8qaWDVWs2
XrpbZwlzAChsSc8vW9COAleyUEK2,product design,1,software development,1,prototyping,1,hackathon,1,product innovation,1
71y5gQEDo4bm8SQ6a1wcKEScAoE2,product design,1,software development,1,prototyping,1,hackathon,1,product innovation,1
YNfn16ssi9Pirj2c8QLvGz8e1ez1
aPyVQn6Y5QQ24Q93vtgudeQRyjo2,assessment,1,psychometric,1,conventional,1,investigative,1
sK7ciqlEDEel04OQakWN0lYiirN2,content planning,1,content editing ,1,business writing,1,content formatting ,1
wTsfTqeEH2TGeAF9PnGIBalwbeo2,team management,1,prototyping,1,time management,1,product development,1,hackathon,1,software engineering,1,space,1
wuehvZg11sfhoqyMU8Evibt81hl1
x3l0MnIzWSdzU2T4FWCV6Wklz7Y2,hardware security,1,digital signature,1,session hijacking,1,cryptography,1,software security,1,sql injection,1,authentication,1
xAw866DRtyYB5F6UVryliZmaZct2,team management,1,prototyping,1,time management,1,product development,1,hackathon,1,software engineering,1,space,1
xGz3DMxrPxZg5opvBeeHR9SNE772
xtB2Qnezm2QXLAIoR7KYqtUg8rz1,customer satisfaction ,1,customer service ,1
xv70pv35GVQQgGj6ClPT2OZxZMK2,team management,1,prototyping,1,time management,1,product development,1,hackathon,1,software engineering,1,space,1
zL6GmIywkGQNbnJv1ziblHTGDRI3,mobile apps,1,object-oriented programming,1,android,1,user experience,1,user interface,1
bszsgkQIt9Rkk1i8KresFyKFKJ23,ibm watson,1,natural language processing,1,cognition,1,visual recognition,1,machine learning,1,artificial intelligence,1
cNGf8nmCI5ZiPaNWUprkqugPvaq2
cR3dE931wugYhtbwe8XjOY3S7BB3,team management,1,prototyping,1,time management,1,product development,1,hackathon,1,software engineering,1,space,1
eCGDBbWRXXUcEMmlLF9jREqocE43,product design,1,software development,1,prototyping,1,hackathon,1,product innovation,1
HkRrku9SgacCjtqiALcQwYrai3k1
I6pASSY7CScDXzuvXPUKv6fbGcv2,business model canvas,1,business planning,1
Iu2Q8XMTmUVmbJ1CU8vSzfpiQ5v1,team management,1,prototyping,1,time management,1,product development,1,hackathon,1,software engineering,1,space,1
KbsYB3urjjgS021yfTUtnKsK3RH3
Lk0DfyTGQkUu20IbpAlCqimKiNh1,hardware security,1,digital signature,1,session hijacking,1,cryptography,1,software security,1,sql injection,1,authentication,1
0HfCmV5c5CObVbVkMKnBrHmzt8b2
2QhvUnzey6g0biVcnH1ORtMDGoD2,team management,1,prototyping,1,time management,1,product development,1,hackathon,1,software engineering,1,space,1
2gHI8p82ZUeHTQHVaj3F9dSvTwF2,assessment,1,investigative,1,enterprising,1
jT30a6XbtvVcNZLRYkxf5JbRAjZ2,CSS,1,HTTP,1,HTML,1,JQuery,1,Git,1,Object-Oriented,1,Linux,1,Authentication,1,Unix Shell,1,JavaScript,1,mySQL,1,AJAX,1,Flask,1
lZtFr88AuKRfXJVh2V4pytfZCj72,assessment,1,psychometric,1,conventional,1,investigative,1
ljTsf2Xpq8QNvrKR4EYlD1mNeAz1,team management,1,prototyping,1,time management,1,product development,1,hackathon,1,software engineering,1,space,1
m4aq3XTSzqShXPW9oA8CU0UhRTI2,CSS,1,HTML,1,HTTP,1,JQuery,1,Git,1,Linux,1,Object-Oriented,1,Authentication,1,Unix Shell,1,JavaScript,1,mySQL,1,AJAX,1,Flask,1
uyxzzwwwPWfW0IEyf4bNk3sexkb2
v29b5bvJcYVqPQj8HSM9kbbhaMw1,product design,1,software development,1,prototyping,1,hackathon,1,product innovation,1
HGTpSpgfGDZGPjupOIdGEPWVz5E2,product design,1,software development,1,prototyping,1,hackathon,1,product innovation,1
HMb1cTiRDoYX13wjHEoLhaesbo62,product design,1,software development,1,prototyping,1,hackathon,1,product innovation,1
HXYpWyZLQLOExBRZU90u1UMp4zp2
HfBN6PQQlcSpkYhcQY7op1aQB6G2,mobile apps,1,object-oriented programming,1,android,1,user experience,1,user interface,1
hN4fa36wwcbndyxRd1FMmewFggI3
J02Zbjx92sSMuOHQMOMpAzCmGkv2
JLokET8jObOZfsjHJm5OgYVleTR2,hardware security,1,digital signature,1,session hijacking,1,cryptography,1,software security,1,sql injection,1,authentication,1
RKwDMHrix1PcVbt5oeBCzaH7dro1,product design,1,software development,1,prototyping,1,hackathon,1,product innovation,1
SZ1le8TFszQPUDvMHTNbG1x4NFB3,hardware security,1,digital signature,1,session hijacking,1,cryptography,1,software security,1,sql injection,1,authentication,1
The0xbyneXSoMFxyzXGd8P5K2Nj1
oWhCyAxB25RW2fI8X4HV1MK8zQ52,psychometric,1,assessment,1,social,1,investigative,1
oixVqlCr1IeT3H9Usvc0G9wVYd13,mobile apps,1,object-oriented programming,1,android,1,user experience,1,user interface,1
EqfhVxJ6gTXnkVMVpHqYV5O46vQ2
GCVgmD4R0veoHT4AkJvqKNOoa4D2
GCqghlOYBcW7XXo4G6M10L4gk8p1
H9D6rCfq2mfQehfRdUCAsiVkNyD3,business model canvas,1,business planning,1
LUmiuENfN5SZwTekTjEJXp9g5kU2,CSS,1,HTML,1,HTTP,1,JQuery,1,Git,1,Linux,1,Object-Oriented,1,Authentication,1,Unix Shell,1,JavaScript,1,mySQL,1,AJAX,1,Flask,1
7WKXEfymHHYiaJXlu7KWqfrvFq03,accounting ,1,cash flow,1
8B9LYxjsAafGcfX546EdezuAWXR2
A5oKR5Q1tFYxf5ZyHOq2LMJzVkQ2
N1AiWQgT5LfAXKlOHeRLwEtcC702
NmqMOAKXzMSRwKfFhLaAihv6wq62,business model canvas,1,business planning,1
OV5xHDgGQJOphDxkVWdgk2dMnmz1
PFBb4YPv4Ae1fIndcx647181xIb2
Pp0w42lozEd24kxlvHjUsJAGSMK2,team management,1,prototyping,1,time management,1,product development,1,hackathon,1,software engineering,1,space,1
0d5dCW9XqKQTmXNxu5NaWTvHuG93,team management,1,prototyping,1,time management,1,product development,1,hackathon,1,software engineering,1,space,1
2hTo5infqpNphyP3qWTaAjHlsGi2,CSS,1,HTML,1,HTTP,1,JQuery,1,Git,1,Object-Oriented,1,Linux,1,Authentication,1,Unix Shell,1,JavaScript,1,mySQL,1,AJAX,1,Flask,1
j7rLh3J2TEc994tQtrlHbBNvYaF2
joo81M9FymTffEktCszPye78k6q2,CSS,1,HTML,1,HTTP,1,JQuery,1,Git,1,Linux,1,Object-Oriented,1,Authentication,1,Unix Shell,1,JavaScript,1,mySQL,1,AJAX,1,Flask,1
kQkHmnqs4vTUAKcfcK8mMuLARS73,product design,1,software development,1,prototyping,1,hackathon,1,product innovation,1
kgrka3aZ6Tf5NiFFt6az166Rz8E3
ky8yot7owmR7g3MFX9NEaPTxK192,R,1,Probability Distributions,1,Dimension Reduction,1,Statistical Inference,1,K-Means,1,Regression,1,Hierarchical Clustering,1,Machine Learning,1
lMO0f8kSUiSDqZc9TWbCEXK8k5D3,compensation and benefits,1,recruitment and  selection,1,personnel function,1,human resources,1,job analysis,1,performance management,1
lgwbldFZsPSI3TdsxPNWeDDTxw93
mDXKdPtyGiNWNJopeQ82JqA4yKO2
Uchu8Y1RULbhmZRkxpHTY0VOJRf2
V2m8459WowMC0HbaBGmBwslJsUj1,psychometric,1,assessment,1,social,1,investigative,1
VKs8mdGXGaVTaNuu9oacWyBjLoB3,R,1,Probability Distributions,1,Dimension Reduction,1,K-Means,1,Statistical Inference,1,Regression,1,Hierarchical Clustering,1,Machine Learning,1
VWC2WtSp5adaqm9HIflUbnhL0kG3,assessment,1,product development,1,psychometrics,1,occupational psychology,1
X2kPlgmsRpZS4VhjB6QALt7qDTE3
XQQbuufz4QgZetPwGa0LMRIK1ok1,team management,1,prototyping,1,time management,1,product development,1,hackathon,1,software engineering,1,space,1
ZDPbKg6quuhng6JRBTtfnYmnxW83,mobile apps,1,object-oriented programming,1,android,1,user experience,1,user interface,1
ZIl4s5orwxRcSDK0dCkN7ytLRFb2
aO2ejJ7tr3aPNaebB1iqoIE8wKJ2,hardware security,1,digital signature,1,session hijacking,1,cryptography,1,software security,1,sql injection,1,authentication,1
bXSHg5ilCYeyHSBtPrvVpE2CWoc2,product design,1,software development,1,prototyping,1,hackathon,1,product innovation,1
uTVMH9XWlMWjq4O77WZkR8s26Lg1,development,1,blockchain,1,programming,1
udqyA7ajGCV7qWqpqbF8fzngugj2,product design,1,software development,1,prototyping,1,hackathon,1,product innovation,1
qLspJlEnEtObfWAYMQ5jaVtp9wp2,product design,1,software development,1,prototyping,1,hackathon,1,product innovation,1
sOE6ueXq3IMQpvzt37cPE85YJOh2,product design,1,software development,1,prototyping,1,hackathon,1,product innovation,1
sZsCBahvK2XHcmovPt5rvtdBELl2
3Mw5xOPiQZZQJU28npuEt2qCmEG3
4K5bxmCAJ5VMUXe0zpt8w5kkJpB3,hardware security,1,digital signature,1,session hijacking,1,cryptography,1,software security,1,sql injection,1,authentication,1
4d1kyzjKQgU5n4Ukm4naDUbcWgh2
bZHg7o65SYgHXgW9UDAUf1pGo063
cKVqaWme3GXRMMxGOD2jCjP7qZs1,mongo,1,css,3,restful,1,bootstrap,1,nodejs,1,jquery,1,presentation,1,oop,1,routing,1,database,2,backend,2,html,2,angular ,1,cplusplus,1,mongodb,1,mobile design,1,authentication,1,rest,1,c,1,active listening,1,ux,1,object oriented,2,prototype,1,javascript,1,nosql,1,persuasion,1,node.js,2,responsive design,1,effective communication,1,es.next,1,express.js,1,frontend,2
cMhx1CYbcYY1k2mraxSLESqqs5Q2,product design,1,software development,1,prototyping,1,hackathon,1,product innovation,1
dpebcVUNuVSaxJs4nuX3HGbxCbw2
QNnCmCPCdrbeUKcyIZfMtoOdayj2
Sf7WrodXSMaaIsSZLjwhUAKnFff2,team management,1,prototyping,1,time management,1,product development,1,hackathon,1,software engineering,1,space,1
SpcxDaMlK9ZbpecZ1WNbBNinl2x1,talent management,1,personality theories,1,occupational psychology,1,organizational development,1
Sv1FquhGrnN1DOhOYasclzKXwql2,CSS,1,HTML,1,HTTP,1,JQuery,1,Git,1,Object-Oriented,1,Linux,1,Authentication,1,Unix Shell,1,JavaScript,1,mySQL,1,AJAX,1,Flask,1
TNLjus8ExcfvepYwlDMslI0fpbG2,team management,1,prototyping,1,time management,1,product development,1,hackathon,1,software engineering,1,space,1
Tao6ecDXZwhOg02JKnt0Ru0ADYu2,active listening,1,persuasion ,1,negotiation,1,effective communication,1
fB1bImCduJglC3NqbOJaBiW9Ft03,mobile apps,1,object-oriented programming,1,android,1,user experience,1,user interface,1
fVG0dusHDjWyp2L1X3NdEsCGpxF2
gdu0OKNOQNQYYZ4PAgoEgjepPSA2
gkNg7MjgPITQkWjStmIu3K52uT73
gkmCRTT7M5Py6q1NgJpyI39lzJ52,hardware security,1,digital signature,1,session hijacking,1,cryptography,1,software security,1,sql injection,1,authentication,1
HhdNG9Pr03SDI3BTyIYprcjWmHb2
IvpN1iYymSdIIxFMQ2mQsT49nTp2,mobile apps,1,object-oriented programming,1,android,1,user experience,1,user interface,1
Jnq2LEJ8IghBuH3FFarV0t1fV0q2,web development,1,software engineering,1,digital badging,1
ybFUHdo0DJbxpuIlRGFyJ5BCbwv1,CSS,1,HTML,1,HTTP,1,JQuery,1,Git,1,Linux,1,Object-Oriented,1,Authentication,1,Unix Shell,1,JavaScript,1,mySQL,1,AJAX,1,Flask,1
nFCLZ0mgQNdOxlyQyiIxymO5Hfm2,hive,1,nosql database,1,rdbms,1,hadoop,1,pig,1
ooUSLed90kaSbuikLEK1XxEDu4v1,product design,1,software development,1,prototyping,1,hackathon,1,product innovation,1
pfoSkkVeoKVDGa3gxIYbBhFqAhg1,product design,1,software development,1,prototyping,1,hackathon,1,product innovation,1
pu8I96v5XAaCIn6YeYCk6bfWGIN2,team management,1,prototyping,1,time management,1,product development,1,hackathon,1,software engineering,1,space,1
C2b2zPE2tWhG8ttxuiSTJPeMfFH3
DTFXXlmFfWREv8xsGxHTPWp9ZMT2
DtuiqZR5tNYuWED3QDQsN1Jq8DR2
JtCLLY08C5YUqeZjCBhdogKZwNB2,assessment,1,enterprising,1,investigative,1
KFhnck4j3pTdtVrvyh6GO8CccqJ3,team management,1,prototyping,1,time management,1,product development,1,hackathon,1,software engineering,1,space,1
KPg1a4SVm0bZZoj1dW9XxfNlVKn2,team management,1,prototyping,1,time management,1,product development,1,hackathon,1,software engineering,1,space,1
KjQPVmalAIXwJUSKeauBIpf3zS22,team management,1,prototyping,1,time management,1,product development,1,hackathon,1,software engineering,1,space,1
KoQbaRWAIgPFK2tpmLAiZls3QD73,team management,1,prototyping,1,time management,1,product development,1,hackathon,1,software engineering,1,space,1
Kww9fEazNiRuTWoMoStB7CH046C3
M4AQ1WkyTkYp8f2EUHqXel7EQy62,team management,1,prototyping,1,time management,1,product development,1,hackathon,1,software engineering,1,space,1
FySVzn3CT8OzeCVSh6FehTMtHsd2,assessment,1,enterprising,1,investigative,1
G3dEyvzTjeOjIyFz5wM6OlhTcor1,mobile apps,1,object-oriented programming,1,android,1,user experience,1,user interface,1
HBqawDlBwYSXjeLxTSQTAQLzVWP2,team management,1,prototyping,1,time management,1,product development,1,hackathon,1,software engineering,1,space,1
N3Kr4J2ZOjdd4pg6hw0CY2O6SJq2,talent management,1,assessment,1,psychometric,1,social,1,personality theories,1,investigative,1,occupational psychology,1,organizational development,1
Nn0zj4Ey6BetdyPONtrkIm6iHNR2
PTtcZEmOoXY711hNFyN3EbqXCOi1,team management,1,prototyping,1,time management,1,product development,1,hackathon,1,software engineering,1,space,1
AxidOp9FD4f2maSDLWMjnfnrwr33
B2AWKdksLAViK6HT9iGJoaU1RPF3
B5zzOX11sfeEQCSAZ1nlRnqHLql2
DMVuADjIDxRtcTQQdVvuQOruemy2,team management,1,prototyping,1,time management,1,product development,1,hackathon,1,software engineering,1,space,1
Di7efCS35NgIEIcb3uypRzdmb0w1,CSS,1,HTML,1,HTTP,1,JQuery,1,Git,1,Linux,1,Object-Oriented,1,Authentication,1,Unix Shell,1,JavaScript,1,mySQL,1,AJAX,1,Flask,1
iiaISUIWDTVUsQZhCpShTTrIGwy2,mobile apps,1,object-oriented programming,1,android,1,user experience,1,user interface,1
cAxinbGYFGb85Tu3BHYPZNk9iJh1
cbiLy74dx2VIVWR3xFLQi0b197K2,assessment,1,conventional,1,social,1
d4SVWuDbIpfrcTmDm22bViqqhjA3,team management,1,prototyping,1,time management,1,product development,1,hackathon,1,software engineering,1,space,1
e8eugQ3rhiNuz1dBJU0znXuA3Hx1,assessment,1,psychometric,1,social,1,investigative,1
Q7uU6f7YOcakQBGYjjCm4Kj9cWn2
St6vs7YV2USswTVEpVQd0IZwTeI2,team management,1,prototyping,1,time management,1,product development,1,hackathon,1,software engineering,1,space,1
TfVbFmd4UUWskFDVj48oI81XPsb2
h84rgX6jfBd8gL3J8mXP0lGJMQw1
hJpVoEn9ahahmG6uCeXqgfwfA5c2
hUoEu8dOj6WFGEHtVbAkQABo77F3,hardware security,1,digital signature,1,session hijacking,1,cryptography,1,software security,1,sql injection,1,authentication,1
hWoIULNz1zRPunAr5mddPHL7g8U2,business model canvas,1,business planning,1
ZDXOs061wsYS3LepftpOSrGX5Dw1,planning ,1,customer loyalty,1,crm,1
aTJut70ViOYzd1Qyjt5xyR8qz5I3,CSS,1,HTTP,1,HTML,1,JQuery,1,Git,1,Object-Oriented,1,Linux,1,Authentication,1,Unix Shell,1,JavaScript,1,mySQL,1,AJAX,1,Flask,1
amRTMUHePZd0PGNOMYreaXB7fD73,team management,1,prototyping,1,time management,1,product development,1,hackathon,1,software engineering,1,space,1
o7QEkeYG5BM5z77iwnNAHllbZkJ3
ozDsHaYifkWynct6sjtN5TvZVqq2,mongo,1,css,3,restful,1,bootstrap,1,nodejs,1,jquery,1,presentation,1,oop,1,routing,1,database,2,backend,2,html,2,angular ,1,cplusplus,1,mongodb,1,mobile design,1,authentication,1,rest,1,c,1,active listening,1,ux,1,object oriented,2,prototype,1,javascript,1,nosql,1,persuasion,1,node.js,2,responsive design,1,effective communication,1,es.next,1,express.js,1,frontend,2
plROGiDTEpQ2mlYiXt2pD1lglpP2,team management,1,prototyping,1,time management,1,product development,1,hackathon,1,software engineering,1,space,1
J1qgrBVAIDP89MbVl2B5rmUdAuk1,product design,1,software development,1,prototyping,1,hackathon,1,product innovation,1
EXSH8PeWKmd32fi4aojUZjhAkQk2,hardware security,1,digital signature,1,session hijacking,1,cryptography,1,software security,1,sql injection,1,authentication,1
8r1C6GIP3oa1Wkme2DvDzmEIwMz1,R,1,Probability Distributions,1,Dimension Reduction,1,Statistical Inference,1,K-Means,1,Regression,1,Hierarchical Clustering,1,Machine Learning,1
9wwkA06aj7gpvz3mPsateumjCqi1
9zXRR3HKF1bkpu6JzIj0PB84uiZ2,team management,1,prototyping,1,time management,1,product development,1,hackathon,1,software engineering,1,space,1
W0veebUFniWcjCDK2QrxzKZL0Du1,team management,1,prototyping,1,time management,1,product development,1,hackathon,1,software engineering,1,space,1
Wdgcxz9ghzRfJ6C24g0KK444qdm2
X3WXgsGtqZX0AdknhaVitcjV63w2,product design,1,software development,1,prototyping,1,hackathon,1,product innovation,1
46soitFSbGXzwNE22Pg4gpc0k8k2,mobile apps,1,object-oriented programming,1,android,1,user experience,1,user interface,1
509XR01d2NhhFgoyIdgWJ0QvKyn1
75roYzv13JODenvXastGUqZUInx2,mobile apps,1,object-oriented programming,1,android,1,user experience,1,user interface,1
tXZYRCJiakWrIMk6ZPEvfOZxFaH2
uRtNtzfupFXyqPPElaNqUddXenN2,team management,1,prototyping,1,time management,1,product development,1,hackathon,1,software engineering,1,space,1
ucOB4kD9AhhbixnMW3KbuyIB5573
ulgqm9by0oODyJajr14mqbP0hyi1,team management,1,prototyping,1,time management,1,product development,1,hackathon,1,software engineering,1,space,1
va7ok6LJ93fHtUjjtWd0tXfyHB53,software engineering,1,web development,1,digital badging,1
vj964p7QgiXGYRjbiSqIK07ZTFR2,product design,1,software development,1,prototyping,1,hackathon,1,product innovation,1
YZUQY9xWwNQhQaEp9stAOQeuVhI2,team management,1,prototyping,1,time management,1,product development,1,hackathon,1,software engineering,1,space,1
YtLjnhT9TOUCbvJXSgTHwHxjqBf1,business model canvas,1,business planning,1
Z4kUxHlsskcvTkU9VGm3VlMrv9j1
r3esHdmkvpQ1gFnAHqZKwFG9EE33,project portfolio management,1
rutpdHqtrccGYK3ys17PRNIZApg2,product design,1,software development,1,prototyping,1,hackathon,1,product innovation,1
sRtoNsHT6kPI9iZsQkm6sE24fN32,product design,1,software development,1,prototyping,1,hackathon,1,product innovation,1
sqQ0FTLTdJWC1x1VKQ2pAKYkuCx2,mobile apps,1,object-oriented programming,1,android,1,user experience,1,user interface,1
tV27YeIddUQu7MEn3ndkrgEt46V2,team management,1,prototyping,1,time management,1,product development,1,hackathon,1,software engineering,1,space,1
wDsfolM5bhSiQG3BBvPbO6ItadK2,team management,1,prototyping,1,time management,1,product development,1,hackathon,1,software engineering,1,space,1
x8mjKaTxnYVoEoFfTVxELqRhHjs1,assessment,1,psychometric,1,conventional,1,investigative,1
F11eNmyneHMuOyQ63tFhcsiRpf33,CSS,1,HTTP,1,HTML,1,JQuery,1,Git,1,Object-Oriented,1,Linux,1,Authentication,1,Unix Shell,1,JavaScript,1,mySQL,1,AJAX,1,Flask,1
FAwoo8oQxxgwqNQjH1ELjexI4oP2
GvnxZU5luMNdwIaCfhMEkzqf9ji1,mobile apps,1,object-oriented programming,1,android,1,user experience,1,user interface,1
O11nlC3rg9T7WXwoZD1FD7YIgQx1,mobile apps,1,object-oriented programming,1,android,1,user experience,1,user interface,1
7lzcjuWx0Beo5ULRZr46LTPxKWp1
B1lG75CC2NMY7Eh4lgFnzchEQT52
B5WWsdE87oUdF1QB9IHgCQufpdo2,R,1,Probability Distributions,1,Dimension Reduction,1,Statistical Inference,1,K-Means,1,Regression,1,Hierarchical Clustering,1,Machine Learning,1
Ch9j90VtJMSdo1dIpwSQ83BU9Oz2,team management,1,prototyping,1,time management,1,product development,1,hackathon,1,software engineering,1,space,1
CqhLvbvtMVYsQvMCPgi0LeV9olC3,mobile apps,1,object-oriented programming,1,android,1,user experience,1,user interface,1
DgpCmNEm8EYmJppn5ZUkgeuLDH72,CSS,1,HTML,1,HTTP,1,JQuery,1,Git,1,Linux,1,Object-Oriented,1,Authentication,1,Unix Shell,1,JavaScript,1,mySQL,1,AJAX,1,Flask,1
UnkVojHXAqb7shqCaDqFyMY8fF12
VbbKoTQ6EYMyNXy71BC3ZIHXQZF2,business model canvas,1,business planning,1
VskLDPSL5lYqz0Z4fvvJ35ksZBp2
Wc6qwMirJ0h4gwjLXhji1vIN7fh1
WgEBgKuG8ERtwQYbIVLnYzCljEm2,R,1,Probability Distributions,1,Dimension Reduction,1,Statistical Inference,1,K-Means,1,Regression,1,Hierarchical Clustering,1,Machine Learning,1
3C7YPKFEDjML5s30yNwOTonZ9N02
3yo4wbacxQeMZE9NnHbm7YSNglb2,business model canvas,1,business planning,1
5ymQLuOeFcc7YnP6PLZJpegZ40l1,team management,1,prototyping,1,time management,1,product development,1,hackathon,1,software engineering,1,space,1
bYZf5PXEUzMiygLS9C7cXbGjTQT2
q9XdS0MDVmY7LmlLNW3V7YRLaZ23,mobile apps,1,object-oriented programming,1,android,1,user experience,1,user interface,1
qGEwSdI4y6XZZoTJEgY40v73coj2,team management,1,prototyping,1,time management,1,product development,1,hackathon,1,software engineering,1,space,1
qJoy3m9lU6XCHEFc7oa3xyNhAjh1
t7WUsCYvtKcCR10RUEdQVZVs7Jh2
yinCLFnNs5RDhE3caLDWwmNsqeS2,planning,1,time management,1,goal setting,1,stress management,1
cXgYwPx5gFdBsHdEXmVhWqyb7eH2,team management,1,prototyping,1,time management,1,product development,1,hackathon,1,software engineering,1,space,1
dFaSFYxsJJPAMuaJnFOAeWp3CNu2,mobile apps,1,object-oriented programming,1,android,1,user experience,1,user interface,1
dIgtgvMcixc9LSxigG4NItZ3PhF2,css,1,object oriented,1,html,1,angular ,1,frontend,2,javascript,1
gRfhJxykpdQqWUYtlYlSi1zqy453,team management,1,prototyping,1,time management,1,product development,1,hackathon,1,software engineering,1,space,1
Hn0EApAQTRgLbYh5Y419R6F8FAY2,mobile apps,1,object-oriented programming,1,android,1,user experience,1,user interface,1
IvFeTX9hPTQLYElE6rYoRwocP6z2,CSS,1,HTML,1,HTTP,1,JQuery,1,Git,1,Object-Oriented,1,Linux,1,Authentication,1,Unix Shell,1,JavaScript,1,mySQL,1,AJAX,1,Flask,1
zbeu2S920DM6eEP8SIdylDdsuaz2,Supervised Learning,1,Naive Bayes,1,Linear Regression,1,Unsupervised Learning,1,SVM,1,Machine Learning,1,Deep Learning,1
LWHYeG9Fe8TmTvetlAAxMFWBZh92,team management,1,prototyping,1,time management,1,product development,1,hackathon,1,software engineering,1,space,1
LWLKBNDRzGQClzgNryEgXT2FWuk2,product design,1,software development,1,prototyping,1,hackathon,1,product innovation,1
LlXtf36AK5hsjTm4kiHDvYe1leC3,software engineering,1,web development,1,digital badging,1
1DJ5qQWm6DeTb4a4oKNLkkoYSEn2
ldn88beJ7Pcrec8X8XtMbgz7mlJ2,business model canvas,1,business planning,1
losSlNZKf0e1NXhYpBuzbdOAlSz1
u6SQRT7tBoc7WP6BHk5FKsL3Kff2
uRJ49tLrBGd2CA5xpmYeSo9X3Nq2,Supervised Learning,1,Naive Bayes,1,Linear Regression,1,Unsupervised Learning,1,SVM,1,Machine Learning,1,Deep Learning,1
uTKDi8uZa4SaUUs5jKtxPFVHnAZ2
uzYduTDC5CRtCW9MhOiJj6L4QCN2
w36ZxU6Bz7UtBzGJtcon5fEsxUa2
fHweG3UFXaffFPtxbRSWwSBNK4k2,mobile apps,1,object-oriented programming,1,android,1,user experience,1,user interface,1
fkbHgN2eTBclPdETkfnauyqqtHL2,career orientation,1,assessment,1,social,1,artistic,1
HIiYsB71cITeBnH6NgCNI6Y6Foc2
JAqD1bgSMTVIb5o6TydEhnNfNcu2,product design,1,software development,1,prototyping,1,hackathon,1,product innovation,1
JWsSVovNXFTUvE0LHvsyJJmVZi62,team management,1,prototyping,1,time management,1,product development,1,hackathon,1,software engineering,1,space,1
RSRH6gAfJwd2v2MbjOzmCGNlPZH2,team management,1,prototyping,1,time management,1,product development,1,hackathon,1,software engineering,1,space,1
oDwbIf5gCAPabRfNeC5FUa3QJ9t1,active listening,1,persuasion ,1,active listening ,1,time management,2,analysis and positioning  ,1,body language,1,planning,1,sales essentials,1,effective questioning ,1,communication skills ,1,negotiation,1,goal setting,1,stress management,1,effective communication,1
oruEZSwu5BOT8Rb2Ywia5y1FUM33,mobile apps,1,object-oriented programming,1,android,1,user experience,1,user interface,1
F6yetntqF4QDeYoNkSpPjdGVeV02
GJPXlAzH7DcufPNFbsqdXi9qUaf1,team management,1,prototyping,1,time management,1,product development,1,hackathon,1,software engineering,1,space,1
LCOr0PHoCTfON2447u98PNOmYid2
8QqQJiZvUHNIMT459iVvVtohJfw1
994Hy634Y6SstdUsdSJyHVjATwD3,mobile apps,1,object-oriented programming,1,android,1,user experience,1,user interface,1
9wNmj5Z6XMThNB6SUVpGRUtHmae2
zqRBohRtbtMNXi3fhadkhhmU0Nn1,team management,1,time management,1,delegation,1,communication,1,creativity,1
MjlMzElbl2V8Nalz4E01naXFrPp1,talent management,1,personality theories,1,occupational psychology,1,organizational development,1
MtRsFudiT4RHEtE2bbyGOEr8fmy1,development,1,blockchain,1,programming,1
MuJ66gwERXN7IwavMg0dyPs7lDk2,mobile apps,1,object-oriented programming,1,android,1,user experience,1,user interface,1
N0uDdGG6tPVe8iFpGFOCPozklMr2,mobile apps,1,object-oriented programming,1,android,1,user experience,1,user interface,1
NNQgpZldlFfCn6Yj5hsnW3htji42,ibm watson,1,natural language processing,1,cognition,1,visual recognition,1,machine learning,1,artificial intelligence,1
OSZAY5fJlbd8XOz9vOto36oE9qF2,business model canvas,1,business planning,1
OTcKieuU76a1AImzDjvgb8EAEqp1,hardware security,1,digital signature,1,session hijacking,1,cryptography,1,software security,1,sql injection,1,authentication,1
OWCYMKPZUYMMXA6pl90yhdAkUhH3
OwcJEBNuyVUpNEKAnAs03mrWAwu1,business model canvas,1,business planning,1
2MlBk28B0dN62yMXJnGKVIiGqy42,mobile apps,1,object-oriented programming,1,android,1,user experience,1,user interface,1
juaBgWWR1TbWdxLb9jFJvexqYa43,hardware security,1,digital signature,1,session hijacking,1,cryptography,1,software security,1,sql injection,1,authentication,1
kYVbuIotrCUcg3cBdJY7PhRERWd2
kquU5ktVddflyeIbHPwU0xoyzSe2,team management,1,prototyping,1,time management,1,product development,1,hackathon,1,software engineering,1,space,1
kyj6eqEhKlgfuW88D1FdizuXuMn1
lFY2CVGwCuP4hbbfiOr7IQ6Msmp1,team management,1,prototyping,1,time management,1,product development,1,hackathon,1,software engineering,1,space,1
mf3qT8Quwod52OaIGS9MyXVIXs03
YAxWtWbjDdZ2OhTqOturLfTcBHW2
Yt1CYwpKclZlRxgR7Lhi2fHHpQw2,team management,1,prototyping,1,time management,1,product development,1,hackathon,1,software engineering,1,space,1
ZMbtRifdEhU9tnYz5sGTuABAj5M2,team management,1,prototyping,1,time management,1,product development,1,hackathon,1,software engineering,1,space,1
ZowS0nY43fMv3EHQNO0iJOu9LCI2,team management,1,prototyping,1,time management,1,product development,1,hackathon,1,software engineering,1,space,1
bNhMcqtrn3XiBD23orGfFsGXhfo2,product design,1,software development,1,prototyping,1,hackathon,1,product innovation,1
vETNOyKFx2TgTyUwuaLB1pibI0o1,CSS,1,HTML,1,HTTP,1,JQuery,1,Git,1,Linux,1,Object-Oriented,1,Authentication,1,Unix Shell,1,JavaScript,1,mySQL,1,AJAX,1,Flask,1
voCo2VZIt5SRRlALCCPiVVuwEcx1,product design,1,software development,1,prototyping,1,hackathon,1,product innovation,1
vwtmPY98avR3yESn0GMx0ODqk2k1,product design,1,software development,1,prototyping,1,hackathon,1,product innovation,1
tJSTOEGq3LanqLtm5xk77bOAL4q1,product design,1,software development,1,prototyping,1,hackathon,1,product innovation,1
tT4uNSvIL1WAiboRpnInyAt53G43,talent management,1,assessment,1,psychometric,1,personality theories,1,social,1,enterprising,1,occupational psychology,1,organizational development,1
4C27NdzJbLZlOu51XMinL1etN273,assessment,1,psychometric,1,social,1,investigative,1
bbQDr343CFSFgniPepr2gpPk5q22,assessment,1,conventional,1,enterprising,1
cB1tXFQZslT6rNk7p2R2ZINYPlx1,mobile apps,1,object-oriented programming,1,android,1,user experience,1,user interface,1
eJ5QLYXd5NZ8aLYIXsuCc929SWl1,CSS,1,HTML,1,HTTP,1,JQuery,1,Git,1,Object-Oriented,1,Linux,1,Authentication,1,Unix Shell,1,JavaScript,1,mySQL,1,AJAX,1,Flask,1
QQJtUxLreNUmpinul7GNrVNxXpT2
QmsbqK5i2dS971NduATO4Qgedyu2,mobile apps,1,object-oriented programming,1,android,1,user experience,1,user interface,1
SbpxR5euvsfaq4HBY6xkfuO03Jf2
TMId6OYRQuM6sjxb4bN4Uyy8GR13,mobile apps,1,object-oriented programming,1,android,1,user experience,1,user interface,1
TheSSLcNQbRw8AUl0VXwvIuQxOf2
fFTcncr48ld3FQBEzWVrcLZ38C12,mobile apps,1,object-oriented programming,1,android,1,user experience,1,user interface,1
gJpgAx93e4aZqxKkyB8ZZSi3vjV2,mobile apps,1,object-oriented programming,1,android,1,user experience,1,user interface,1
gLsMIIpM9MbYpx2xXjtNntkJ1ZU2,psychometric,1,assessment,1,social,1,enterprising,1
iBxcAHncnqX7rTohLPUgTeUgaN12,team management,1,prototyping,1,time management,1,product development,1,hackathon,1,software engineering,1,space,1
Hc50pHhffrRCfIUtCJwvWqN2lbJ3
IcWIgmtc1OUlyEeIOrI6BwcAlRq1,assessment,1,social,1,enterprising,1
Jb4KyS7DPgdUr0dNnmiIxWOt2Kc2,mobile apps,1,object-oriented programming,1,android,1,user experience,1,user interface,1
JhcTwZLAWIbrdFBb9u0DmhBiPgL2
w4h149TgL1MNxePkNmjZ4RtHyZF3
wCgWBbNEchgeUGJgKlQbPGkUYif2,product design,1,software development,1,prototyping,1,hackathon,1,product innovation,1
wEolgmYObQX1fWS6dqIqTh63Yhi1,business model canvas,1,business planning,1
xZX0fAniAyRqmE7HR58Kd2UVI4p2,hardware security,1,digital signature,1,session hijacking,1,cryptography,1,software security,1,sql injection,1,authentication,1
xd6kZYVNEHMsLrSiKdpBhux8v7s1,mobile apps,1,object-oriented programming,1,android,1,user experience,1,user interface,1
yCG6Bq1j23Pc71LQTI26i2XsnHh2
yiYPtmzXPEebU0RWOTGmZ36GQ4X2
olbYvqmUKSYVTzGXNU1ZK0311X53,mobile apps,1,object-oriented programming,1,android,1,user experience,1,user interface,1
oxrlbl7i5WUtSBAqAWCf2IAJ6Q03,mongo,1,css,3,restful,1,bootstrap,1,nodejs,1,jquery,1,presentation,1,oop,1,routing,1,database,2,backend,2,html,2,angular ,1,cplusplus,1,mongodb,1,mobile design,1,authentication,1,rest,1,active listening,1,ux,1,c,1,object oriented,2,prototype,1,javascript,1,nosql,1,persuasion,1,node.js,2,responsive design,1,express.js,1,effective communication,1,es.next,1,frontend,2
pYlFviD5JrbqTeeA85g3QvzFibf1,mobile apps,1,object-oriented programming,1,android,1,user experience,1,user interface,1
q2aZxnxLMKSU21CxhxYSBYSLeh93,product design,1,software development,1,prototyping,1,hackathon,1,product innovation,1
BDRxVo9teVRWlVusLNh2sZ9beNf2,active listening,1,persuasion ,1,active listening ,1,time management,2,analysis and positioning  ,1,body language,1,planning,1,sales essentials,1,effective questioning ,1,communication skills ,1,negotiation,1,goal setting,1,stress management,1,effective communication,1
C8V14ynwIofRQ4hiw794pxDVKT22
DDzYdKJU2lVpN7VGpxj2mvlc6nF2
Dr0YC6cfAtdh56lmscgIE3PUEWU2,building rapport,1,showmanship,1,creating proposals,1,program design,1,emotional intelligence,1,selling and persuasion,1,eq,1,the training model,1,presentation,1,training needs assessment,1,evaluation strategies,1,interpersonal relationships,1,emotion management,1,creating supporting materials,1
E9i7k041d7UEs5GCI9yA0SmFw4D2
ibjyV54XNQdlC1aICCvX2fZChGd2,software engineering,1,web development,1,digital badging,1
KH8ONm1OGGh6OfXYelpRbHK6oQX2
KSP1udmH1xaIM7cesJFmamZ7Avn2,team management,1,prototyping,1,time management,1,product development,1,hackathon,1,software engineering,1,space,1
KYEb1NLQS4W3I5bXVf6h8O9cAzE2,conflict resolution process,1,coaching matrix,1,leadership,1,decision making,1,craft an action plan,1,problem solving,1
Kjgqnkq3A6WEMQtX9nBK3fJdHgs2
L86YMpl49Md8DpNZNRcZDgrPiBr1,development,1,blockchain,1,programming,1
Lo4IFuNdT5Pcg8i9cAKebss9bMP2,product design,1,software development,1,prototyping,1,hackathon,1,product innovation,1
FfxY8vi0CXcBwMFAPEI7heII0Y22,mongo,1,css,3,restful,1,bootstrap,1,nodejs,1,jquery,1,presentation,1,oop,1,routing,1,database,2,backend,2,html,2,angular ,1,mongodb,1,mobile design,1,authentication,1,rest,1,active listening,1,ux,1,object oriented,1,prototype,1,javascript,1,nosql,1,persuasion,1,node.js,2,responsive design,1,express.js,1,effective communication,1,es.next,1,frontend,2
FgGO7Y3FW6d2hENQ0zOLypjIGh23
zfrGMzQ9APdkxYbr7A5x7ErAfCh1
zmtCK6L4YfdlTR4f6js707YyymF3,planning,1,time management,1,goal setting,1,stress management,1
AVdIf2luZhStfwWofJO0NViYeNy1
BLKEuWIidGbmKdMctyUn5gX0yV92,business model canvas,1,business planning,1
CakmLOkgDmTo0jeAeF858bUWebd2,team management,1,prototyping,1,time management,1,product development,1,hackathon,1,software engineering,1,space,1
CglC4GcMJWPqVROa76QI1ho3Z9p2
04bCHYbefTTyOJQyEjmcXZEcF9l1,team management,1,prototyping,1,time management,1,product development,1,hackathon,1,software engineering,1,space,1
0AX7ZTeUAsOqzvS6wgCtQ1FpgSz2,CSS,1,HTML,1,HTTP,1,JQuery,1,Git,1,Linux,1,Object-Oriented,1,Authentication,1,Unix Shell,1,JavaScript,1,mySQL,1,AJAX,1,Flask,1
7lghaUlhjfgHse1FuxGx4MC1C4L2
7xxgrCgszmhQr9F7Q4nuqwhzls03,product design,1,software development,1,prototyping,1,hackathon,1,product innovation,1
1qacrvXrtAM8qr3tjxtKF09bqar2
2wbdr0lmVSXEZrGSRPUMzr3uMam2,CSS,1,HTML,1,HTTP,1,JQuery,1,Git,1,Linux,1,Object-Oriented,1,Authentication,1,Unix Shell,1,JavaScript,1,mySQL,1,AJAX,1,Flask,1
jt9I64hzKIdy3pjyWLgR9ctqkGC2
8Aqq3J2XYbgiZznI8MlrwVK6O7o1,mobile apps,1,object-oriented programming,1,android,1,user experience,1,user interface,1
8jlbTur1rDgMHXur8oLw5RqaVkg2,hardware security,1,digital signature,1,session hijacking,1,cryptography,1,software security,1,sql injection,1,authentication,1
zEkw8AuiAifAcvgbb4JMfZpt2ln1
cF3zVJ613xcfkW2P64l5sQ5zY213
QiYHf6BOWZX0PbsFlftomWjG8AI2
R7nwhej17zQIQ0lPpAfK89AmIh83,CSS,1,HTML,1,HTTP,1,JQuery,1,Git,1,Linux,1,Object-Oriented,1,Authentication,1,Unix Shell,1,JavaScript,1,mySQL,1,AJAX,1,Flask,1
S9DNJIzgsiXrHXanGORmQnMyJdf1,assessment,1,enterprising,1,investigative,1
f6BaHopHJ9fjsfIlo8a4jJ4qRis1,mobile apps,1,object-oriented programming,1,android,1,user experience,1,user interface,1
gJfnsKY7JCbuAfdPgAYXCiqP5WP2
Iun8tdxiaWXzO9HzOXDu0bzdxgh1
IxBBrBzaB9XMn14XkxSxd5HvtRL2,team management,1,prototyping,1,time management,1,product development,1,hackathon,1,software engineering,1,space,1
a9ajKwSJn7bW9502p8y6vuNHJu12,team management,1,prototyping,1,time management,1,product development,1,hackathon,1,software engineering,1,space,1
bCB4nRzInEWMQVlqgWOWKyaWz4b2,development,1,blockchain,1,programming,1
mtCWvq4jVHMWM5ApwLFgnbVTwNn2,product design,1,software development,1,prototyping,1,hackathon,1,product innovation,1
nDTFiCIFcuR8kLtOXwoo4vKRAJm2
nM5wdbKbsSfQtNrUlhKxH6o7yEG3
ozdW0pySRhPVPU4zg55XoZUPThx2,team management,1,prototyping,1,time management,1,product development,1,hackathon,1,software engineering,1,space,1
pnlUVuilPEMQxpzS1EVmq7LAj072
J591qEk9clSRaf8mCDSo1LcPRsv1,development,1,blockchain,1,programming,1
J7S5fP7utPNASAD9OZyt47153kF3
JWN7hWdvdtRfQQEDXA0TGE3QxBR2,hardware security,1,digital signature,1,session hijacking,1,cryptography,1,software security,1,sql injection,1,authentication,1
9L5I8ks1NGWQZLmWJnP0QdDxy4n1,CSS,1,HTML,1,HTTP,1,JQuery,1,Git,1,Object-Oriented,1,Linux,1,Unix Shell,1,Authentication,1,JavaScript,1,mySQL,1,AJAX,1,Flask,1
UquxXSomMKYvvMRt7GAtRYH17yB2,CSS,1,HTML,1,HTTP,1,JQuery,1,Git,1,Object-Oriented,1,Linux,1,Authentication,1,Unix Shell,1,JavaScript,1,mySQL,1,AJAX,1,Flask,1
W8tRwpsOxrMg6fXWeKgLwcGS3xy1,product design,1,software development,1,prototyping,1,hackathon,1,product innovation,1
3fHNwtqwtuR5IEEmeNajFx69g4x1,mongo,1,css,3,restful,1,bootstrap,1,nodejs,1,jquery,1,presentation,1,oop,1,routing,1,database,2,backend,2,html,2,angular ,1,cplusplus,1,mongodb,1,mobile design,1,authentication,1,rest,1,c,1,active listening,1,ux,1,object oriented,2,prototype,1,javascript,1,nosql,1,persuasion,1,node.js,2,responsive design,1,effective communication,1,es.next,1,express.js,1,frontend,2
46mxzCYRwMcPXTOqX1GD9PT3gaj1
4AMtLo12YlWQSrE3hXcp1ItlLMw1
546LLUUlRQSBPov2c4kKqQXvmyE3,team management,1,prototyping,1,time management,1,product development,1,hackathon,1,software engineering,1,space,1
5LisXAhlGIZioS8dP5UchFvtIM62,team management,1,prototyping,1,time management,1,product development,1,hackathon,1,software engineering,1,space,1
5yACLmEYEHe1N7sHZqvGx9GHn8P2,product design,1,software development,1,team management,1,prototyping,2,time management,1,product development,1,hackathon,2,product innovation,1,software engineering,1,space,1
ltWYD1f5WpNVQ8aUljXuAeBdRw33
ti7jqUNHtVh0iyo8DXUCpryFIFJ2,software engineering,1,web development,1,digital badging,1
tlnfr89a2pgn1rWRCS4BpLYKSTV2,hardware security,1,digital signature,1,session hijacking,1,cryptography,1,software security,1,sql injection,1,authentication,1
uc4QIWPCPDZICbv6dUA5zPhRw5t2
qOSzvnGpfDa4QO1I6Q9qYzO7gPB3
YLkwGmJrxBUli9lIdKhyFqSV6KZ2,hardware security,1,digital signature,1,session hijacking,1,cryptography,1,software security,1,sql injection,1,authentication,1
Ymk457zHCce8y6pz7YZUDMVk8zn1,psychometric,1,assessment,1,conventional,1,investigative,1
rg5P2b0uymapjYu1A8gDXKy067B2
s4wEHfHjeTcY8hQC8qh4sti0sfb2
sFKgFBzPGdPNZaGtLjRBnj1oTzD3,c,1,object oriented,1,cplusplus,1
w78W36es53Ybc3A9pqosWdF06232,CSS,1,HTML,1,HTTP,1,JQuery,1,Git,1,Object-Oriented,1,Linux,1,Unix Shell,1,Authentication,1,JavaScript,1,mySQL,1,AJAX,1,Flask,1
xitwwC7jK3hR4tryMxkaVd3Kt6g1,assessment,1,investigative,1,enterprising,1
GElCNRtCZkXn9iADvunEXLWC9qF3
Gttg8CegWMhUXZ95wFpN2jqOMjI2
H3bFPWui7hNB35yc8EvAt841B8C3
N8dqKB8iJJU4mRmb5OxCBE6OL2r2
NIVXOAUyqFYPIkvN1KHVFLLh7M13
PdWo6TCwUGhFRxZzdlnwC5p104r2,mobile apps,1,object-oriented programming,1,android,1,user experience,1,user interface,1
7asNFMZjHXZ0XjUiRi98PkLwA7g2
8GgtMq9T9VYfzLd3LIcK5JJWX3x2
8WyGK5dnSYS1D57ygexjBqvWg1G2,team management,1,prototyping,1,time management,1,product development,1,hackathon,1,software engineering,1,space,1
BbPaJNzXcVcwD6EY4ff0P3q5x7j1
C2vo9q7u4Ic2r0LNNlGA5jwzJW53,team management,1,prototyping,1,time management,1,product development,1,hackathon,1,software engineering,1,space,1
CCEmFsay5YdeqArSgEt63s13oUY2,team management,1,prototyping,1,time management,1,product development,1,hackathon,1,software engineering,1,space,1
D288wUndDVMi7hhGNmwkhxc4FuH3
UjVsJ7I98mfnz3dASQsXrmpds2o1,business model canvas,1,business planning,1
UmPkf8OilnZPjEr0SRrc2gUG73e2,team management,1,prototyping,1,time management,1,product development,1,hackathon,1,software engineering,1,space,1
VOzZ410CCZgZDRFXWXFDWpffhvC2,mobile apps,1,object-oriented programming,1,android,1,user experience,1,user interface,1
Wlv87Ftes2XrEcp4zjU3krGkYT52,hardware security,1,digital signature,1,session hijacking,1,cryptography,1,software security,1,sql injection,1,authentication,1
WvNZPZRxiCWfVPdeqUN4OJyMDIE3,assessment,2,realistic,1,social,1,artistic,1,investigative,1
3HMUMHAqzyQXw9z8OJgVjChwQos2,CSS,1,HTML,1,HTTP,1,JQuery,1,Git,1,Linux,1,Object-Oriented,1,Authentication,1,Unix Shell,1,JavaScript,1,mySQL,1,AJAX,1,Flask,1
3tINZeFLt0XwEpWiwn5QOlRTREo2,mobile apps,1,object-oriented programming,1,android,1,user experience,1,user interface,1
4DXsSPqn76Tl74V2ZpQoeF80jCy2,CSS,1,HTTP,1,HTML,1,JQuery,1,Git,1,Object-Oriented,1,Linux,1,Authentication,1,Unix Shell,1,JavaScript,1,mySQL,1,AJAX,1,Flask,1
4nnODZBd6yguOJgs1cBT1mXcXcn1,tna,1,learning outcome,1,learning and development,1
voOnU9zs2cR6ax4YCQJcAhlJCFJ3
5DzJ16ToobRACeLSss9PnigVdBF2
5HeYRCr7CdZsCTz0o0jeVoG2ADm1,mobile apps,1,object-oriented programming,1,android,1,user experience,1,user interface,1
5XMavBT6wTU2R9ZDJ9pk9WWetmr1,development,1,blockchain,1,programming,1
6RxkgfWrSRgiiCvHv8N5oJh4KPw2
6txVEW6mgKTLxH1XeoTKPNr7JKt1,data analysis,1,hr analytics,1,data cleansing ,1
7BFs3nqVfMVCy4G58IRlXsOA07M2,talent management,1,personality theories,1,occupational psychology,1,organizational development,1
YTczM9LLqAcZgMhwAhPQr0hIWIC2,team management,1,prototyping,1,time management,1,product development,1,hackathon,1,software engineering,1,space,1
YZvkR50MECS5ozM3Gewxxj5JU9Y2
aJa2AeoV06dqJFeHrUyFGAKQps02
aMVnFe7q4wc7aWI2xmT4R0zVnyk2,business model canvas,1,business planning,1
rI8Z8DiRi8OS1nIoeV13CDY6Dai1,mobile apps,1,object-oriented programming,1,android,1,user experience,1,user interface,1
rv5ciS2ZpnRpzxFKTqAzjrUIggN2
rvy0oL8ISabMxTCTK3y1KOJ5qv82,leadership,1,situational leadership,1,transformational leadership,1,effective communication,1,leadership abilities,1,persuation,1
xY3gViidkCRhXLpZaB2b5bzksNC2
yOlJ3WcbrQXsIBYkXhMzmrgVhQw2,product design,1,software development,1,prototyping,1,hackathon,1,product innovation,1
caTxEWWCc7gy00sZ09GTjnC653E3
cgRIYg34Obf5DDWT0EXAilvv4zN2
d687i82snbhFBqnInMHcg3c4SL82,team management,1,prototyping,1,time management,1,product development,1,hackathon,1,software engineering,1,space,1
HtQP7Wmu7chFAeMjWQijGKDzxLm1
9eCzXWbLz3OUoGJ1TzbML62YKpf1,hardware security,1,digital signature,1,session hijacking,1,cryptography,1,software security,1,sql injection,1,authentication,1
9peljFwW7RT3rnvLMivL1fhJ7Un2
KheY7rE9I1bMyUDMUQKvORpKPBj1,Supervised Learning,1,Naive Bayes,1,Linear Regression,1,Unsupervised Learning,1,SVM,1,Machine Learning,1,Deep Learning,1
LxyEVWpiQ9WJ4ojbevj1UStQXOI2,CSS,1,HTML,1,HTTP,1,JQuery,1,Git,1,Linux,1,Object-Oriented,1,Authentication,1,Unix Shell,1,JavaScript,1,mySQL,1,AJAX,1,Flask,1
0d5w0MQtjjWTlTDiKn5bcKgwQDi2,CSS,1,HTML,1,HTTP,1,JQuery,1,Git,1,Object-Oriented,1,Linux,1,Authentication,1,Unix Shell,1,JavaScript,1,mySQL,1,AJAX,1,Flask,1
0ncLnSkLABRcSncHTjimSodBsEr2,ibm watson,1,cognition,1,natural language processing,1,visual recognition,1,machine learning,1,artificial intelligence,1
1BF6KSRKM6ebpCloVPIzDgttQ4g2
1FBdJq4KG2TR6pCAdhRlKpkg82s1,accounting ,1,cash flow,1
jB30rneENeWivJyTSBEuSCM8OyC2
jtmL4S2pTvZHQMtNaLWux4y0IxB2,mobile apps,1,object-oriented programming,1,android,1,user experience,1,user interface,1
kErl4egA6uckfZCRwMOWTY4YsQV2,team management,1,prototyping,1,time management,1,product development,1,hackathon,1,software engineering,1,space,1
uGkAYlHAeZQHGPvnJ52qbqaURmz1,product design,1,software development,1,prototyping,1,hackathon,1,product innovation,1
udIryCwMhVWL9X8cOtJ2SOMTqaS2
v9gbuZMxB1Zr8nATAGQcUdreIFj1,team management,1,prototyping,1,time management,1,product development,1,hackathon,1,software engineering,1,space,1
f3CFXA1G1gbb4AVGSj7l4ZSwizf2,CSS,1,HTML,1,HTTP,1,JQuery,1,Git,1,Linux,1,Object-Oriented,1,Authentication,1,Unix Shell,1,JavaScript,1,mySQL,1,AJAX,1,Flask,1
fR4hnZo8u8aQxXCSToRUEcanPt92,team management,1,prototyping,1,time management,1,product development,1,hackathon,1,software engineering,1,space,1
fh95cKWCncXpMNbw0WTWKqdWeqh2
gO9MEOkFIfNEx4ytl7FnuwIWwu23
hTAHwND0rMNVZTcp0VpnZWeL3xE2,CSS,1,HTML,1,HTTP,1,JQuery,1,Git,1,Linux,1,Object-Oriented,1,Authentication,1,Unix Shell,1,JavaScript,1,mySQL,1,AJAX,1,Flask,1
hVfVR5sjVhdGiINVZUnP7zGiEbn2,CSS,1,HTTP,1,HTML,1,JQuery,1,Git,1,Object-Oriented,1,Linux,1,Authentication,1,Unix Shell,1,JavaScript,1,mySQL,1,AJAX,1,Flask,1
hYqzO37CnjMnmreQgmBHNyxLSPp1,psychometric,1,assessment,1,social,1,enterprising,1
JEYEhwtKqBMLj9ZnUedNGwmrzRo1,R,1,Probability Distributions,1,Dimension Reduction,1,Statistical Inference,1,K-Means,1,Regression,1,Hierarchical Clustering,1,Machine Learning,1
PwXNmoJOlxMoXm4ekpNnp7NzW2A2,Supervised Learning,1,Naive Bayes,1,Linear Regression,1,SVM,1,Unsupervised Learning,1,Machine Learning,1,Deep Learning,1
THTiAVwuYwdyGapXjNDLQEg4e7v2,team management,1,prototyping,1,time management,1,product development,1,hackathon,1,software engineering,1,space,1
TW9ias2qSuMGZD1ddJgcnQxfM0y2
mxeEVARfL7Vm2U0cHnl5c5F8UHc2,email writing,1,writing,1,communication,1,editing,1
nSwLwVRajsYljNqfsTyb94QO6hb2
nlW1ckXMqjUxJUz5lEbYItD6IEg1,psychometric,1,assessment,1,conventional,1,investigative,1
o7PXLNdnJ3X7xzyXoTzSBFLXqMr1,conflict resolution process,1,coaching matrix,1,leadership,1,decision making,1,craft an action plan,1,problem solving,1
omT7weerKATBx0dYBFiKqvl7MOq2
oq9ESVQ0qqbQOh093FWuSzPXUKI2
EQpdjH4nr8fPFf3SU9IM1WrvGZW2
EfewDcuPFlTQNIx7qqAaj1InaHr1
FRC3KPMNj9MOcaTWDeU4YdTpMiu1
GMHZpOKn47P9P52H5dtC2mOaMSJ3,team management,1,prototyping,1,time management,1,product development,1,hackathon,1,software engineering,1,space,1
JxkMnPafpDY9yCvHUvCJvkTCl7n1,product design,1,software development,1,prototyping,1,hackathon,1,product innovation,1
KsyaTdVphmUxBxkUeXM9THX16px1,hardware security,1,digital signature,1,session hijacking,1,cryptography,1,software security,1,sql injection,1,authentication,1
7Ti7aE7MH2ZI0GFvPRAZQZCYno42
9svKdG613ldZJOZy2lv0VkrnheC3,team management,1,prototyping,1,time management,1,product development,1,hackathon,1,software engineering,1,space,1
zcGQG7aA5RbIbVkP03aDYtTkAE83
N9q33HSrQUVGObRRTcTXImjWbe63
NmqgTyOqUJMAMnVeoGAHhnma6qn1,Supervised Learning,1,Naive Bayes,1,Linear Regression,1,Unsupervised Learning,1,SVM,1,Machine Learning,1,Deep Learning,1
OBSimj1CbmV5tHHTGkcPmy9kinA3
OZbIIc87koY83fr98CdgWwJTkAR2,team management,1,prototyping,1,time management,1,product development,1,hackathon,1,software engineering,1,space,1
PHsTUHACW3PmLetAvXvjg5uDxK52,mobile apps,1,object-oriented programming,1,android,1,user experience,1,user interface,1
PQnCqI7pTsXnGAlrkykxNF3vSng1,Supervised Learning,1,Naive Bayes,1,Linear Regression,1,Unsupervised Learning,1,SVM,1,Machine Learning,1,Deep Learning,1
PRH8YPPZKPdMyUgFuXarGdSVKKB2
0tAWCCnp10OPnTT4JkfUuCougMv1,ibm watson,1,natural language processing,1,cognition,1,visual recognition,1,machine learning,1,artificial intelligence,1
23wdNZeCKxQcXrtSPig5VZTJr0z1,business model canvas,1,business planning,1
2EUbp5PK7PcBS01L1YJvpOX8khx1,mongo,1,css,3,restful,1,bootstrap,1,nodejs,1,jquery,1,presentation,1,oop,1,routing,1,database,2,backend,2,html,2,angular ,1,cplusplus,1,mongodb,1,mobile design,1,authentication,1,rest,1,c,1,active listening,1,ux,1,object oriented,2,prototype,1,javascript,1,nosql,1,persuasion,1,node.js,2,responsive design,1,effective communication,1,es.next,1,express.js,1,frontend,2
2QbiKaQTFSTz1Q5I6H4oUYc9SZE2
2YAyKWWs2HUxnCYsuLlsT2vCJz12,relationship management,1,decision making,1,presentation skills,1,problem solving,1,negotiation skills,1,self management,1,delegation,1
j61nH3okDdUsVP8nROR4lvq6Aw43
jSgnVBt8VSMoKDFljpxnVyLh7Vp1,business model canvas,1,business planning,1
jgFsDDeuVLaLHl0xqNf3F7jrfZp1
jubFfcAtNiVKayNOgwxooIoEv7r1,team management,1,prototyping,1,time management,1,product development,1,hackathon,1,software engineering,1,space,1
kfiz2FqADfSlVRCm7826JZlouP33,team management,1,prototyping,1,time management,1,product development,1,hackathon,1,software engineering,1,space,1
kmVwZj06MHXLlUk5SLfyqLgCT7A3
mMQy8UaHUpRGasyS8OKzZAJ0jYm2,product design,1,software development,1,prototyping,1,hackathon,1,product innovation,1
mizxfFArHwUO2348qbY4lqhfKV72
UwrmX2ndOefrMUPWU6p6MXr45Ed2
XIg5PBQrj8g9IEfuxetYgWHnp1s2
ZsriX2rKsTdnn1WS4z2Xa6yvemV2,psychometric,1,assessment,1,social,1,enterprising,1
rCnVvp9YDQYjKmjTLBwtQAkXx163,assessment,1,realistic,1,conventional,1
s6jhCzGbNqh4UNjf2pgSEfgVcFz1,assessment,1,psychometric,1,conventional,1,investigative,1
tI0v8IFXs9bipRlgMIxmRKwtA2W2,business model canvas,1,business planning,1
3n5bEwYHdYhdSD5OBVzypIYPLun1,team management,1,prototyping,1,time management,1,product development,1,hackathon,1,software engineering,1,space,1
c97fBQ80yVUMhPPkaxxR9f2Kl8n1
e0LQmcokGHd1MicHCC6cmdrNXOl1,product design,1,software development,1,prototyping,1,hackathon,1,product innovation,1
eBcrSOLLBgh2GTUhoqaNAOxOkPr1,software engineering,1,web development,1,digital badging,1
ecJ70IJOm7hy9YDR6bDiXUAWxJm1
TgwH8u4vvORgf3FiJiSWc0uxO2b2,team management,1,prototyping,1,time management,1,product development,1,hackathon,1,software engineering,1,space,1
epq8FcLNfRa4Jt6w2SplHr9SnBH2,team management,1,prototyping,1,time management,1,product development,1,hackathon,1,software engineering,1,space,1
hTyfS2MtZnPNoC7KcdA4Ia5379k2
hbHeHdMgoKftXGh9QEIqHdUqyZ32,mobile apps,1,object-oriented programming,1,android,1,user experience,1,user interface,1
iRxy7obvECVIe63slKkaZHtBwdS2,CSS,1,HTML,1,HTTP,1,JQuery,1,Git,1,Linux,1,Object-Oriented,1,Authentication,1,Unix Shell,1,JavaScript,1,mySQL,1,AJAX,1,Flask,1
HrDuHwIQEbZVcMKWZJfXBVYb9602,product design,1,software development,1,prototyping,1,hackathon,1,product innovation,1
HwATw3GMSZfQeEcHro5BkC34Zrg1,mobile apps,1,object-oriented programming,1,android,1,user experience,1,user interface,1
ILVnrqniZWalE54aoTeZD1SQaA62
JFZ8KJStRAbjE1gGvQSIZzKGrnT2,product design,1,software development,1,prototyping,1,hackathon,1,product innovation,1
west3Xp4yaQ8LWwsCMgmkrI2PQh2
wrn8gVkcqXSqmheiVbVsPaGyQxI2,mongo,1,css,3,restful,1,bootstrap,1,nodejs,1,jquery,1,presentation,1,oop,1,routing,1,database,2,backend,2,html,2,angular ,1,cplusplus,1,mongodb,1,mobile design,1,authentication,1,rest,1,c,1,active listening,1,ux,1,object oriented,2,prototype,1,javascript,1,nosql,1,persuasion,1,node.js,2,responsive design,1,effective communication,1,es.next,1,express.js,1,frontend,2
yHhAApXjzkRVCkahQ6kTAw1TGvA3
ySpeJq3qP1fvwRLpUX4foMqkiMs1,mobile apps,1,object-oriented programming,1,android,1,user experience,1,user interface,1
yzxedgKNC9SiJ5EreL3BqTM9AZE2
mqzYVKOFRocQqyTuvUAGlMJUtpf2,team management,1,prototyping,1,time management,1,product development,1,hackathon,1,software engineering,1,space,1
n23SeJyXwkhPmD61cwuK8Iy1VuD3,team management,1,prototyping,1,time management,1,product development,1,hackathon,1,software engineering,1,space,1
npXf6tI6wHUGGxjGu77dSdOJqy43,assessment,1,enterprising,1,investigative,1
o7qhkqdpWYSHOMj3YVlV1dUyZjk1,mobile apps,1,object-oriented programming,1,android,1,user experience,1,user interface,1
oGCvHfacaKb79coWG1Q7WGFqzee2,mobile apps,1,object-oriented programming,1,android,1,user experience,1,user interface,1
oc6SQ3P1QfVU4JTL2bgEmggokqi2,team management,1,prototyping,1,time management,1,product development,1,hackathon,1,software engineering,1,space,1
pR9lEURHtKbnFDWxBygzhQ5sqTd2,critical thinking,1,public speaking,1
pShxwVsbKkgnYfEmBxScl9zwyEE3
AdYcQftjTTRvTJCAp9dZprnbCi63,product design,1,software development,1,prototyping,1,hackathon,1,product innovation,1
BM5AIssp7sQLCMFaExyK1csHlXD3,team management,1,prototyping,1,time management,1,product development,1,hackathon,1,software engineering,1,space,1
HSz93Jqk64W14xf91AcDpYyzsSX2,team management,1,prototyping,1,time management,1,product development,1,hackathon,1,software engineering,1,space,1
KIR2pDd3Zdh6T5ESE6JYRPBqCFu1,product design,1,software development,1,prototyping,1,hackathon,1,product innovation,1
KKa18KKB4HYFewYa4DkgCZLPmbu1,team management,1,prototyping,1,time management,1,product development,1,hackathon,1,software engineering,1,space,1
KUSPAm1aTpTQMIfhpf5j8LzBpSi2
FUSoWNof79aInoVeZ1Yok68LorP2,CSS,1,HTTP,1,HTML,1,JQuery,1,Git,1,Object-Oriented,1,Linux,1,Authentication,1,Unix Shell,1,JavaScript,1,mySQL,1,AJAX,1,Flask,1
MNXMyvODVSZlU79xRiHQhUB2YWF2
FpSSaZpZ03Vl1R4O7yzA9F9NGyJ3,product design,1,software development,1,prototyping,1,hackathon,1,product innovation,1
H2Qv5nAeLHT1aptRUAAxBmluNXW2,leadership,1,situational leadership,1,transformational leadership,1,effective communication,1,leadership abilities,1,persuation,1
Mpj2nivy2GdZjblNrkVFo0i1qgi1,assessment,1,psychometric,1,social,1,enterprising,1
Mwo9PjCS8lRkqz5jqzIgU90z83X2
zmVPIzUnOrUqAkQwiL8xZ1knkkP2,team management,1,prototyping,1,time management,1,product development,1,hackathon,1,software engineering,1,space,1
C5joKDPfQufJ88vawpEpjlASp2v2,hardware security,1,digital signature,1,session hijacking,1,cryptography,1,software security,1,sql injection,1,authentication,1
CnhGz896hMabKSfZf4l3R2m881v2,team management,1,prototyping,1,time management,1,product development,1,hackathon,1,software engineering,1,space,1
DFqokEvqWgblqc1oRA35hGVpCUx1
04XV2vUR26U0bYQKnFJ0uZbfEzK2
0OzGztjkFIUGfto4JC3iOQob3es1,hardware security,1,digital signature,1,session hijacking,1,cryptography,1,software security,1,sql injection,1,authentication,1
7XRTPw5pZ3WBgMCynESFdvLsfR62
1gBnKsZrKoMDZDfqh2vGPMrIc6u1,tna,1,learning outcome,1,learning and development,1
inyuGk78IzdPpR90AM6WaYnCr0l1
yGrbnOuTM3h8X8PSImtfIiuv6MH2,assessment,1,artistic,1,investigative,1
yW6hdJjAtabychdqE5yBpSmXXXB2
ylorp2TwTXVPXcjEx8Nxpi2kDxr2,psychometric,1,assessment,1,social,1,investigative,1
cW4zntt3VhfLeBX2pdq9CkT9cK72,assessment,1,psychometric,1,social,1,investigative,1
cpdHX2tuAWZAJ9FfGeOVH2WHcqx1,team management,1,prototyping,1,time management,1,product development,1,hackathon,1,software engineering,1,space,1
dVkgtecjb3Ujf9noYEPgLdckTwH2
Pr9T96f8d0RmywbOU1niP5g3kaO2,business model canvas,1,business planning,1
SZG77KBMfFVYQcp1aeXYL8weRdC3,CSS,1,HTML,1,HTTP,1,JQuery,1,Git,1,Linux,1,Object-Oriented,1,Authentication,1,Unix Shell,1,JavaScript,1,mySQL,1,AJAX,1,Flask,1
TRrufu2Yl8hg6c7QwKDtnLb4dQy1,CSS,1,software development,1,prototyping,1,HTML,1,HTTP,1,JQuery,1,product design,1,Git,1,Object-Oriented,1,Linux,1,Unix Shell,1,Authentication,1,JavaScript,1,hackathon,1,product innovation,1,mySQL,1,AJAX,1,Flask,1
f5f7bjRplle7bCz9eUs73HVPPJg2,mobile apps,1,object-oriented programming,1,android,1,user experience,1,user interface,1
hCuzQZrEA0bfAPmWtS1LNeISVzj2,CSS,1,HTML,1,HTTP,1,JQuery,1,Git,1,Linux,1,Object-Oriented,1,Authentication,1,Unix Shell,1,JavaScript,1,mySQL,1,AJAX,1,Flask,1
ITXhf60ob4VMpBzbTTcuV2aWrFI2
bPzNUvLBd6WyKqHH90qePsfw95t2
nbKC622FPcOCEzlBv0IvdHchY2i1,team management,1,prototyping,1,time management,1,product development,1,hackathon,1,software engineering,1,space,1
oDGVO7hGfwfmyY8VYUSQZmNrd0l2,hardware security,1,digital signature,1,session hijacking,1,cryptography,1,software security,1,sql injection,1,authentication,1
J2JnX1v7ccVzPmbTi1VCvSID47W2,CSS,1,HTTP,1,HTML,1,JQuery,1,Git,1,Linux,1,Object-Oriented,1,Authentication,1,Unix Shell,1,JavaScript,1,mySQL,1,AJAX,1,Flask,1
JABVOPCJEEXByrUIrXGjBLjxilG3
JPTK47fYOyXIBLs3EGllON1ITxv1
JS2Izf4uvdXkpyNHgUKO49EYUsI2,business model canvas,1,business planning,1
UrX3SU7ixpO6fxMM9qSbRfapAnX2,CSS,1,HTTP,1,HTML,1,JQuery,1,Git,1,Object-Oriented,1,Linux,1,Authentication,1,Unix Shell,1,JavaScript,1,mySQL,1,AJAX,1,Flask,1
Vv1k8R7NTnfZAqAEqW3G6B59Ll13,web development,1,software engineering,1,digital badging,1
XZICRXnxh7S3siZS7QDOf7sWDpH2,business model canvas,1,business planning,1
XsRG1x5tOshyZqw6JskGjE0xBEx1,mobile apps,1,object-oriented programming,1,android,1,user experience,1,user interface,1
4NCdSXug9LOlnPsLwCcF7sV2Z8q2
5JQniskeG0N2jVpyhUqsOXxLXRt1
Y8MmE8YCMwY1dFGoIAzsfemYOZA3,mobile apps,1,object-oriented programming,1,android,1,user experience,1,user interface,1
k5niLEjuAxaHQatQOR37EcnBfeG2,asp.net,1,mvc,1,microsoft,1
mlL5VxO63uevXJ7MagHtV5ugSa23
tu3rbkll8jN3k0iUbdwvV7Vc0373,business model canvas,1,business planning,1
uxExs8O7twfI08VDZ5J7LqbiRnV2,Supervised Learning,1,Naive Bayes,1,Linear Regression,1,SVM,1,Unsupervised Learning,1,Machine Learning,1,Deep Learning,1
v7oJaHrRjfemsHkNm3EmPl7iwF53,team management,1,prototyping,1,time management,1,product development,1,hackathon,1,software engineering,1,space,1
vBYJWsKGeed2i7fIhDmCCkfPkmB2,hardware security,1,digital signature,1,session hijacking,1,cryptography,1,software security,1,sql injection,1,authentication,1
vGaNaRR7xreVDhhZGE7ePaSN99d2,CSS,1,HTTP,1,HTML,1,JQuery,1,Git,1,Object-Oriented,1,Linux,1,Authentication,1,Unix Shell,1,JavaScript,1,mySQL,1,AJAX,1,Flask,1
qMFcbcYJS3cE9HvSVaeQ94OlYDo2,mobile apps,1,object-oriented programming,1,android,1,user experience,1,user interface,1
Ye3ZmoFvn5QVkecZBlHLJKbt0dq2
rUV28denm7d5cSe6Qi9K8hhN1Ds2,product design,1,software development,1,prototyping,1,hackathon,1,product innovation,1
sOOkzF1rjcQAcBvDL5x3LuQ2gof1
wYI7Yb8Np6cx77wFfGxg8d6sDVE3,mobile apps,1,object-oriented programming,1,android,1,user experience,1,user interface,1
wZZnmJhuZPdYugeJi0dgHoOmTEt2
FbAkgOnQskMju5UlITsERjWjQDj2,mobile apps,1,object-oriented programming,1,android,1,user experience,1,user interface,1
MfZjar4wTdSAlecOnttArk8edfp1,team management,1,prototyping,1,time management,1,product development,1,hackathon,1,software engineering,1,space,1
N8b5zIPSRUSa3kAw6ihVM02HLIf1,business model canvas,1,business planning,1
8DDcGmqEa9XUyjbAL7Ldk2JfOi53
8ZQipQsNM2XBNwgaUGLbHTyqUxp1
9HBdC4AT16RMTRcqcLUPzNz7zy12,product design,1,software development,1,prototyping,1,hackathon,1,product innovation,1
Aa8yFb4PSqOyfo9UbO2wXIKauqL2,CSS,1,HTML,1,HTTP,1,JQuery,1,Git,1,Linux,1,Object-Oriented,1,Authentication,1,Unix Shell,1,JavaScript,1,mySQL,1,AJAX,1,Flask,1
AnEvG6H9oYWblU82Lo51nS2JuoH2
DNRmA6eE9caudEcpIOhq26yyGJH3,mobile apps,1,object-oriented programming,1,android,1,user experience,1,user interface,1
VblgwgTaJverjkb1SGOUIKFKOhE3,product design,1,software development,1,prototyping,1,hackathon,1,product innovation,1
VxtSxaHlFnQCztqZCfhSdJ7FgjM2,product design,1,software development,1,prototyping,1,hackathon,1,product innovation,1
WRu7EkB2lcN1u1oImktvCFhAEIA2,mobile apps,1,object-oriented programming,1,android,1,user experience,1,user interface,1
WSSiIw4oVLb9dwwnV3OCYPuq8XF3
XOukisYZF3QRReRrR8MGPVgRt0N2
6BwtwHVPZmP6J3uuCceZBTUorjY2
6Xa0pIG7q2MAqDP8GaxD80UuEd93
6mT8BlVRsOeE8iZnH0wWVNrfjOo2,team management,1,prototyping,1,time management,1,product development,1,hackathon,1,software engineering,1,space,1
7PDtQkMKQcellFGGyUZN7W9mOA42,CSS,1,HTTP,1,HTML,1,JQuery,1,Git,1,Object-Oriented,1,Linux,1,Authentication,1,Unix Shell,1,JavaScript,1,mySQL,1,AJAX,1,Flask,1
amurtKC7UGOOQhUardRnMtMH8Je2
sL8IYt88R8WDXgmNdJUYy6CNfvF3,relationship management,1,decision making,1,presentation skills,1,problem solving,1,negotiation skills,1,self management,1,delegation,1
sWTgFe4KTLSfc3g1PWmIR2JCJeX2
x0L1M6lKEsWwq5LVAxbtmEeUuuT2,product design,1,software development,1,prototyping,1,hackathon,1,product innovation,1
zK1OeZuAU7SDS3flhDqc8qXNWr42,product design,1,software development,1,prototyping,1,hackathon,1,product innovation,1
bkyq7a2KPobGCscbPVYtVobtRVJ2,product design,1,software development,1,prototyping,1,hackathon,1,product innovation,1
cwjkScmlobUTEZk87ZcFhVRYLYs2,planning ,1,customer loyalty,1,crm,1
dgYuwu0wn0dTt5hE6Pa4iA0qKxj1,product design,1,software development,1,prototyping,1,hackathon,1,product innovation,1
eg4tEtVYZwZ5mG5r6n215X9xPNz1
I0dRcFG2wOP9Ay3VdTfCViVkXL43,mobile apps,1,object-oriented programming,1,android,1,user experience,1,user interface,1
9RrzImEyAUgsWO3L7tYaHLI4b3K2
KYblmA8w4NQVgPc8R0zWC3N4bZo1,team management,1,prototyping,1,time management,1,product development,1,hackathon,1,software engineering,1,space,1
LUDUArjsCFcA6MNS3rrBpiEETmw1,team management,1,prototyping,1,time management,1,product development,1,hackathon,1,software engineering,1,space,1
LpnsTBKJvQeNuSAnNfWOomwBL3F3
MFnr0omxBgMgzhfbcCt6K9AYFHP2
MQLj4P0mzPVSNJlSZPJ4JocBJv53
0vpgeEfYGsa7HNx9UeKe2WBVvJv1
112FtDsnn3fdnXAxTAGAa6x8M5b2,CSS,1,HTML,1,HTTP,1,JQuery,1,Git,1,Object-Oriented,1,Linux,1,Unix Shell,1,Authentication,1,JavaScript,1,mySQL,1,AJAX,1,Flask,1
1v1PfVyMZqTzyB87fzoFq3qgf8p2,mobile apps,1,object-oriented programming,1,android,1,user experience,1,user interface,1
23U6j3VPAxhOTDvhojX2D9ENHhC3
js50aTR5vAMurQ9lUteWB0p9ueF3,mobile apps,1,object-oriented programming,1,android,1,user experience,1,user interface,1
kVIgVngP88O2ISyndC5Lgsp2kMD2
kVfrvqSbc0Ymb9lJf6SRkH7cQIr1
lvxRPOgaZFWZUDGtpBQdJSUAL7Q2,team management,1,prototyping,1,time management,1,product development,1,hackathon,1,software engineering,1,space,1
m3FfGte99rS6wIdXJ1fsU6O5rjj2,mobile apps,1,object-oriented programming,1,android,1,user experience,1,user interface,1
ttlUld9SFxPTjhX89ZDB38tSFkp2,CSS,1,HTTP,1,HTML,1,JQuery,1,Git,1,Object-Oriented,1,Linux,1,Authentication,1,Unix Shell,1,JavaScript,1,mySQL,1,AJAX,1,Flask,1
vPPlZc7yNQNkE4vKKIG2OcfpDsc2,team management,1,prototyping,1,time management,1,product development,1,hackathon,1,software engineering,1,space,1
561Htp01tlaYwSyjgHmL9Mm9QxX2,R,1,Probability Distributions,1,Dimension Reduction,1,Statistical Inference,1,K-Means,1,Regression,1,Hierarchical Clustering,1,Machine Learning,1
g6SoDzOCHQdh4wsFaGyPJxDBx5g1,mobile apps,1,object-oriented programming,1,android,1,user experience,1,user interface,1
iNrRV5qHRzcO2zSrrVfhqFvljEg2,team management,1,prototyping,1,time management,1,product development,1,hackathon,1,software engineering,1,space,1
Q0lzxSMDS8exdug3yJqyKizFLT02,hardware security,1,digital signature,1,session hijacking,1,cryptography,1,software security,1,sql injection,1,authentication,1
Qar7uJqeBlc4r53ym46y4xgjlcf1,product design,1,software development,1,prototyping,1,hackathon,1,product innovation,1
RdsMIZlBK2Voiyp4rHeY2Iqli7o2
SYMLAZa8lsMluqp94G0HEl3B1Ul2,accounting ,1,cash flow,1
mu8tkjKP5XTW5chNOHCvOABs72F2
p2uuqT07YDhk3aQRkoXauDvQt3b2,R,1,Probability Distributions,1,Dimension Reduction,1,K-Means,1,Statistical Inference,1,Regression,1,Hierarchical Clustering,1,Machine Learning,1
p942QGEN2BaHxmcIfUVkUE0Hwci2,leadership,1,situational leadership,1,transformational leadership,1,effective communication,1,leadership abilities,1,persuation,1
pjMIWPGBrXSIt3unTLgCQFmT2vj1,team management,1,prototyping,1,time management,1,product development,1,hackathon,1,software engineering,1,space,1
ENT5KbB7TQMj7CPlf8CATzAg4MJ2,mobile apps,1,object-oriented programming,1,android,1,user experience,1,user interface,1
FHxIOe9YsUUeat8JICw9e6YlqtO2,team management,1,prototyping,1,time management,1,product development,1,hackathon,1,software engineering,1,space,1
FqLUhydCl0XSJCLcHFglC3epo042,CSS,1,HTML,1,HTTP,1,JQuery,1,Git,1,Linux,1,Object-Oriented,1,Authentication,1,Unix Shell,1,JavaScript,1,mySQL,1,AJAX,1,Flask,1
GcMrMUuCFeWWq5pdAGAMn4bZW9d2
KPDa9pHGNEggZKq7GVw3PXDghRL2
L821a9384xdd0Ldx5FwJ4hmQ4M62
M0s2bgAhZ5h0smQKu6cwpLcl0d33,js,1,fun,1
7XoLCWEW6CfOVNNyo02fXqV0x7o2
8B2gxfKIHwMjvFeXrSdanZfdasj2,mobile apps,1,object-oriented programming,1,android,1,user experience,1,user interface,1
AEl7dEUz1HXwiqQmvRT5hPla3Xg2
AP3cxXC9zbei6sau1viHckt7ZUi1,team management,1,prototyping,1,time management,1,product development,1,hackathon,1,software engineering,1,space,1
ziOwd2UXgMgWkOMLmOz5hPdt7l43
Ok1uWK0P8ARo7zKWFJUuAUkIeQx1,hardware security,1,digital signature,1,session hijacking,1,cryptography,1,software security,1,sql injection,1,authentication,1
0ThCX8lp0naxIVvL8PPGQUpWIJy2,product design,1,software development,1,prototyping,1,hackathon,1,product innovation,1
3AFLdlqN6Gf0OGgS3hYXnb7f2pv1
lySjSmrcJkc9Am4eHl0OxWi12KF2,team management,1,prototyping,1,time management,1,product development,1,hackathon,1,software engineering,1,space,1
VKIPJpbcqUVqmVnMBiiGzFQ4PCf1,product design,1,software development,1,prototyping,1,hackathon,1,product innovation,1
XKeeSNk8coTQgSmWdow8nEaeQHP2,mobile apps,1,object-oriented programming,1,android,1,user experience,1,user interface,1
ZQOLADEZsMcrk7ukpRO1klpkobn2,product design,1,software development,1,prototyping,1,hackathon,1,product innovation,1
ZwjQ8kuqsTc0nR2sRR9d83451eQ2,web development,1,software engineering,1,digital badging,1
tyDPRnNvrvb2WIThPaW1pNudT5e2,team management,1,prototyping,1,time management,1,product development,1,hackathon,1,software engineering,1,space,1
uYXDyma2v6fIlxcUIGUjdi8gP0t2
qeOpjmepVhQIAg7NThUf6vE88s23,hardware security,1,digital signature,1,session hijacking,1,cryptography,1,software security,1,sql injection,1,authentication,1
r2cQf8X37fW9S45syvHCeTVcT152,mobile apps,1,object-oriented programming,1,android,1,user experience,1,user interface,1
rUWsccxLUsRqsxnHe6aCMB7q5qO2,R,1,Probability Distributions,1,Dimension Reduction,1,K-Means,1,Statistical Inference,1,Regression,1,Hierarchical Clustering,1,Machine Learning,1
sYRXNuNJ4XfbNFxOUVGKvDwzoRw1
tT4bpUorJ4WLCzh6pd5ss4EmU7I2,development,1,blockchain,1,programming,1
3AMhwfhUePPGVgARfz6H0sivLzT2,mobile apps,1,object-oriented programming,1,android,1,user experience,1,user interface,1
4R23gclZSvTqdKHbxCs2UxdoDuJ2
4dST2uWzYCWI8F9anhXqSrtmNzG2,empathy,1,project management office,1,integrity,1,pmo,1,pmo value ring methodology,1,motivation,1,ethics,1
5jkkUIUJ9pf9acD8HBaP92Vp5Oi1
bvVvLUv44BODo8311nwmICR2Wl32,Supervised Learning,1,Naive Bayes,1,Linear Regression,1,Unsupervised Learning,1,SVM,1,Machine Learning,1,Deep Learning,1
czfZVH422pdrwx0tq924qiblsXG2
dE0cNvzX6kOjW0cKHgOuQEc6fhj2,mobile apps,1,object-oriented programming,1,android,1,user experience,1,user interface,1
dbn2WDytd9QcAfZC9MFGJrd32Vr1,team management,1,prototyping,1,time management,1,product development,1,hackathon,1,software engineering,1,space,1
RYmjW34YJvRleLLCSA8twMPayD63
SCrjEM47WpbdxuHQ7eTpTz692Tk2,hardware security,1,digital signature,1,session hijacking,1,cryptography,1,software security,1,sql injection,1,authentication,1
SnnkTnv76RT5ihIMHLthenVqXMI3
UCesx9Rx2rghQBExQQJATXcWlWp2,team management,1,prototyping,1,time management,1,product development,1,hackathon,1,software engineering,1,space,1
fjsXgU0htybDVBFOzMMoBSmVPGr1,product design,1,software development,1,prototyping,1,hackathon,1,product innovation,1
g0WVDOpqgES3rLwzPnzIrYS1Ytf2
gLOId5HxegZqJe7Y58YxKy1DdsM2
ghWUjPzbpyaKhnOODhKzgNmORCn1
hxSmRx5a7tVwir9bzv3iPwzCCtr2,mobile apps,1,object-oriented programming,1,android,1,user experience,1,user interface,1
iJSuoerHlCS8iGoXjZr4H5kOBst2,business model canvas,1,business planning,1
w58ahbOvlFey1VvVr8KNvXYYMyu1,team management,1,prototyping,1,time management,1,product development,1,hackathon,1,software engineering,1,space,1
xJtB79yXHOZ1ObYmIkSEOatlYoS2
yExSVKpJION9pbvHf7r8bviDoD42,mobile apps,1,object-oriented programming,1,android,1,user experience,1,user interface,1
o79nh9KFyiRHJG40Aaq2KhVU6SI2
AmGKstCMVRWpV2pA4sUkEVTODDj1,team management,1,prototyping,1,time management,1,product development,1,hackathon,1,software engineering,1,space,1
Ay42qGqaKXRL1nPjzwx8pce0rb13
CDO5rSmajRZU0vdxieboUiuFIa32,CSS,1,HTML,1,HTTP,1,JQuery,1,Git,1,Linux,1,Object-Oriented,1,Authentication,1,Unix Shell,1,JavaScript,1,mySQL,1,AJAX,1,Flask,1
